spearman,pMAE,pRMSE,ocvRMSE,RMSEutrans,MAEutrans,date,algomodel,trgCol,transTarg,task,missing,append,transform,pc,expirament,fold,maxfold,seed,seedit,foldseed,RMSEmean,RMSEmeantrain,hpGen,time,validmethod,tuneLength,cvcount,ignrepeats,adaptivemin,bestTuneparams,btp1,btp2,btp3,btp4,btp5,btp6,btp7,btp8,btp9,btp10,btp11,,,,,,,,,,,,,,,,,,,,,,,,,,,,,,,,,,,,,,,,,,,,,,,,,,,,,,,,,,,,,,,,,,,,,,,,,,,,,,,,,,,,,,,,,,,,,,,,,,,,,,,,,,,,,,,,,,,,,,,,,,,,,,,,,,,,,,,,,,,,,,,,,,,,,,,,,,,,,,,,,,,,,,,,,,,,,,,,,,,,,,,,,,,,,,,,,,,,,,,,,,,,,,,,,,,
0,0.01,0.01,100,100,100,Wed Aug 02 16:37:25 2017,dummy,8,1,bac latent features,ignore,none,asis,CLOUD,10hp10cv,1,5,403,624,222,0.9,0.9284,random,434,cv,10,10,NA,5,15,1.3312352844514,0.968602964049205,1.30087468028069,1.36411243351176,,,
1,1,1,-1,0,0,Thu Jul 19 14:21:58 2018,perfect,1,2,4thbookrPCA,ignore,none,asis,ACEREBOUT,firstfullPCAs4bk,1,20,403,168,222,0.7943,1.002,random,NA,nohyperparameters,1,20,no rep,no min,,,,,,0,21,3,28,4,32,4,47,5,65,4,66,3,125,5
0,-0.313,-0.046,1.03,0.831,0.75,Thu Jul 19 14:24:37 2018,h2oAutoml 1,1,2,4thbookrPCA,ignore,none,asis,ACEREBOUT,firstfullPCAs4bk,1,20,403,624,222,0.7943,1.002,random,159,cv,10,20,NA,5,GLM_grid_0_AutoML_20180719_142326_model_0,,,,,0,21,3.74,28,3.52,32,3.75,47,3.97,65,4.52,66,3.82,125,3.59
Fail,Fail,Fail,Fail,Fail,Fail,Thu Jul 19 14:24:37 2018,h2oAutoml 1,1,2,4thbookrPCA,ignore,none,asis,ACEREBOUT,firstfullPCAs4bk,1,20,403,624,222,159
0,-0.313,-0.046,1.03,0.831,0.75,Thu Jul 19 14:34:48 2018,h2oAutoml 10,1,2,4thbookrPCA,ignore,none,asis,ACEREBOUT,firstfullPCAs4bk,1,20,403,624,222,0.7943,1.002,random,610,cv,10,20,NA,5,GLM_grid_0_AutoML_20180719_142440_model_0,,,,,0,21,3.74,28,3.52,32,3.75,47,3.97,65,4.52,66,3.82,125,3.59
Fail,Fail,Fail,Fail,Fail,Fail,Thu Jul 19 14:34:48 2018,h2oAutoml 10,1,2,4thbookrPCA,ignore,none,asis,ACEREBOUT,firstfullPCAs4bk,1,20,403,624,222,610
1,1,1,-1,0,0,Thu Jul 19 14:36:05 2018,perfect,1,2,4thbookrPCA,ignore,none,asis,ACEREBOUT,firstfullPCAs4bk,1,20,403,168,222,0.7943,1.002,random,NA,nohyperparameters,1,20,no rep,no min,,,,,,0,21,3,28,4,32,4,47,5,65,4,66,3,125,5
0,-0.313,-0.046,1.03,0.831,0.75,Thu Jul 19 14:37:36 2018,h2oAutoml 1,1,2,4thbookrPCA,ignore,none,asis,ACEREBOUT,firstfullPCAs4bk,1,20,403,624,222,0.7943,1.002,random,90,cv,10,20,NA,5,GLM_grid_0_AutoML_20180719_143625_model_0,,,,,0,21,3.74,28,3.52,32,3.75,47,3.97,65,4.52,66,3.82,125,3.59
Fail,Fail,Fail,Fail,Fail,Fail,Thu Jul 19 14:37:36 2018,h2oAutoml 1,1,2,4thbookrPCA,ignore,none,asis,ACEREBOUT,firstfullPCAs4bk,1,20,403,624,222,90
1,1,1,-1,0,0,Thu Jul 19 14:53:04 2018,perfect,1,2,4thbookrPCA,ignore,none,asis,ACEREBOUT,firstfullPCAs4bk,1,20,403,168,222,0.7943,1.002,random,NA,nohyperparameters,1,20,no rep,no min,,,,,,0,21,3,28,4,32,4,47,5,65,4,66,3,125,5
0,-0.313,-0.046,1.03,0.831,0.75,Thu Jul 19 14:54:36 2018,h2oAutoml 1,1,2,4thbookrPCA,ignore,none,asis,ACEREBOUT,firstfullPCAs4bk,1,20,403,624,222,0.7943,1.002,random,92,cv,10,20,NA,5,GLM_grid_0_AutoML_20180719_145325_model_0,,,,,0,21,3.74,28,3.52,32,3.75,47,3.97,65,4.52,66,3.82,125,3.59
Fail,Fail,Fail,Fail,Fail,Fail,Thu Jul 19 14:54:37 2018,h2oAutoml 1,1,2,4thbookrPCA,ignore,none,asis,ACEREBOUT,firstfullPCAs4bk,1,20,403,624,222,92
0,-0.313,-0.046,1.03,0.831,0.75,Thu Jul 19 15:07:06 2018,h2oAutoml 1,1,2,4thbookrPCA,ignore,none,asis,ACEREBOUT,firstfullPCAs4bk,1,20,403,624,222,0.7943,1.002,random,71,cv,10,20,NA,5,GLM_grid_0_AutoML_20180719_145325_model_0,,,,,0,21,3.74,28,3.52,32,3.75,47,3.97,65,4.52,66,3.82,125,3.59
0,-0.313,-0.046,1.03,0.831,0.75,Thu Jul 19 15:17:13 2018,h2oAutoml 10,1,2,4thbookrPCA,ignore,none,asis,ACEREBOUT,firstfullPCAs4bk,1,20,403,624,222,0.7943,1.002,random,607,cv,10,20,NA,5,GLM_grid_0_AutoML_20180719_145325_model_0,,,,,0,21,3.74,28,3.52,32,3.75,47,3.97,65,4.52,66,3.82,125,3.59
0,-0.313,-0.046,1.03,0.831,0.75,Thu Jul 19 15:17:53 2018,h2oAutoml 100,1,2,4thbookrPCA,ignore,none,asis,ACEREBOUT,firstfullPCAs4bk,1,20,403,624,222,0.7943,1.002,random,39,cv,10,20,NA,5,GLM_grid_0_AutoML_20180719_145325_model_0,,,,,0,21,3.74,28,3.52,32,3.75,47,3.97,65,4.52,66,3.82,125,3.59
-0.189,-0.414,-0.134,0.807,0.901,0.808,Thu Jul 19 15:19:58 2018,SL.bartMachine,1,2,4thbookrPCA,ignore,none,asis,ACEREBOUT,firstfullPCAs4bk,1,20,403,156,222,0.7943,1.002,random,59,nohyperparameters,1,20,no rep,no min,,,,,,0,21,3.92,28,3.44,32,3.53,47,3.4,65,4.32,66,3.74,125,3.96
-0.283,-0.407,-0.13,0.82,0.898,0.804,Thu Jul 19 15:54:24 2018,SL.bartMachine,1,2,4thbookrPCA,ignore,none,asis,ACEREBOUT,firstfullPCAs4bk,1,20,403,156,222,0.7943,1.002,random,50,nohyperparameters,1,20,no rep,no min,,,,,,0,21,3.9,28,3.46,32,3.55,47,3.49,65,4.31,66,3.7,125,3.79
1,1,1,-1,0,0,Thu Jul 19 15:57:22 2018,perfect,1,2,4thbookrPCA,ignore,none,asis,ACEREBOUT,firstfullPCAs4bk,1,20,403,168,222,0.7943,1.002,random,NA,nohyperparameters,1,20,no rep,no min,,,,,,0,21,3,28,4,32,4,47,5,65,4,66,3,125,5
0.009,-0.438,-0.143,0.814,0.908,0.822,Thu Jul 19 16:00:25 2018,SL.bartMachine,1,2,4thbookrPCA,ignore,none,asis,ACEREBOUT,firstfullPCAs4bk,1,20,403,156,222,0.7943,1.002,random,53,nohyperparameters,1,20,no rep,no min,,,,,,0,21,3.83,28,3.48,32,3.42,47,3.43,65,4.36,66,3.74,125,3.85
0.437,0.252,0.213,1.71,0.625,0.427,Thu Jul 19 16:00:30 2018,SL.bayesglm,1,2,4thbookrPCA,ignore,none,asis,ACEREBOUT,firstfullPCAs4bk,1,20,403,127,222,0.7943,1.002,random,5,nohyperparameters,1,20,no rep,no min,,,,,,0,21,3.3,28,4.4,32,4.16,47,5,65,4.38,66,3.25,125,3.5
1,1,1,-1,0,0,Thu Jul 19 16:07:01 2018,perfect,1,2,4thbookrPCA,ignore,none,asis,ACEREBOUT,firstfullPCAs4bk,1,20,403,168,222,0.7943,1.002,random,NA,nohyperparameters,1,20,no rep,no min,,,,,,0,21,3,28,4,32,4,47,5,65,4,66,3,125,5
0,-0.313,-0.046,1.03,0.831,0.75,Thu Jul 19 16:08:39 2018,h2oAutoml 1,1,2,4thbookrPCA,ignore,none,asis,ACEREBOUT,firstfullPCAs4bk,1,20,403,624,222,0.7943,1.002,random,97,cv,10,20,NA,5,GLM_grid_0_AutoML_20180719_160722_model_0,,,,,0,21,3.74,28,3.52,32,3.75,47,3.97,65,4.52,66,3.82,125,3.59
0,-0.313,-0.046,1.03,0.831,0.75,Thu Jul 19 16:09:00 2018,h2oAutoml 10,1,2,4thbookrPCA,ignore,none,asis,ACEREBOUT,firstfullPCAs4bk,1,20,403,624,222,0.7943,1.002,random,20,cv,10,20,NA,5,GLM_grid_0_AutoML_20180719_160722_model_0,,,,,0,21,3.74,28,3.52,32,3.75,47,3.97,65,4.52,66,3.82,125,3.59
0,-0.313,-0.046,1.03,0.831,0.75,Thu Jul 19 17:58:46 2018,h2oAutoml 1,1,2,4thbookrPCA,ignore,none,asis,ACEREBOUT,firstfullPCAs4bk,1,20,403,624,222,0.7943,1.002,random,96,cv,10,20,NA,5,GLM_grid_0_AutoML_20180719_175734_model_0,,,,,0,21,3.74,28,3.52,32,3.75,47,3.97,65,4.52,66,3.82,125,3.59
0,-0.313,-0.046,1.03,0.831,0.75,Thu Jul 19 17:58:57 2018,h2oAutoml 10,1,2,4thbookrPCA,ignore,none,asis,ACEREBOUT,firstfullPCAs4bk,1,20,403,624,222,0.7943,1.002,random,11,cv,10,20,NA,5,GLM_grid_0_AutoML_20180719_175734_model_0,,,,,0,21,3.74,28,3.52,32,3.75,47,3.97,65,4.52,66,3.82,125,3.59
1,1,1,-1,0,0,Thu Jul 19 18:11:12 2018,perfect,1,2,4thbookrPCA,ignore,none,asis,ACEREBOUT,firstfullPCAs4bk,1,20,403,168,222,0.7943,1.002,random,NA,nohyperparameters,1,20,no rep,no min,,,,,,0,21,3,28,4,32,4,47,5,65,4,66,3,125,5
0.009,-0.163,-0.014,0.892,0.806,0.665,Thu Jul 19 18:12:09 2018,SL.cforest,1,2,4thbookrPCA,ignore,none,asis,ACEREBOUT,firstfullPCAs4bk,1,20,403,91,222,0.7943,1.002,random,46,nohyperparameters,1,20,no rep,no min,,,,,,0,21,3.78,28,3.8,32,3.58,47,3.61,65,3.97,66,3.66,125,3.84
Fail,Fail,Fail,Fail,Fail,Fail,Thu Jul 19 18:13:19 2018,SL.dbarts,1,2,4thbookrPCA,ignore,none,asis,ACEREBOUT,firstfullPCAs4bk,1,20,403,440,222,69
-0.223,-0.838,-0.412,1.23,1.12,1.05,Thu Jul 19 18:13:29 2018,SL.earth,1,2,4thbookrPCA,ignore,none,asis,ACEREBOUT,firstfullPCAs4bk,1,20,403,127,222,0.7943,1.002,random,10,nohyperparameters,1,20,no rep,no min,,,,,,0,21,4.01,28,4.88,32,2.4,47,3.51,65,3.69,66,3.99,125,3.92
0.223,-0.077,0.078,0.858,0.732,0.616,Thu Jul 19 18:13:39 2018,SL.extraTrees,1,2,4thbookrPCA,ignore,none,asis,ACEREBOUT,firstfullPCAs4bk,1,20,403,211,222,0.7943,1.002,random,9,nohyperparameters,1,20,no rep,no min,,,,,,0,21,3.77,28,3.63,32,3.56,47,3.71,65,3.96,66,3.39,125,4
0.437,0.004,0.092,21.6,0.721,0.569,Thu Jul 19 18:14:06 2018,SL.gam,1,2,4thbookrPCA,ignore,none,asis,ACEREBOUT,firstfullPCAs4bk,1,20,403,127,222,0.7943,1.002,random,27,nohyperparameters,1,20,no rep,no min,,,,,,0,21,2.57,28,3.4,32,3.95,47,4.21,65,4.54,66,3.11,125,3.52
-0.009,-0.464,-0.158,0.801,0.92,0.836,Thu Jul 19 18:22:01 2018,SL.gbm,1,2,4thbookrPCA,ignore,none,asis,ACEREBOUT,firstfullPCAs4bk,1,20,403,356,222,0.7943,1.002,random,474,nohyperparameters,1,20,no rep,no min,,,,,,0,21,3.89,28,3.13,32,3.53,47,3.42,65,4.4,66,3.55,125,3.91
0.321,-0.51,-0.303,22.2,1.03,0.863,Thu Jul 19 18:22:02 2018,SL.glm,1,2,4thbookrPCA,ignore,none,asis,ACEREBOUT,firstfullPCAs4bk,1,20,403,127,222,0.7943,1.002,random,1,nohyperparameters,1,20,no rep,no min,,,,,,0,21,1.9,28,5.77,32,4.64,47,5.5,65,4.38,66,3.13,125,3.47
0.036,-167.49,-222.07,63900000,177,96.3,Thu Jul 19 18:22:19 2018,SL.glm.interaction,1,2,4thbookrPCA,ignore,none,asis,ACEREBOUT,firstfullPCAs4bk,1,20,403,127,222,0.7943,1.002,random,17,nohyperparameters,1,20,no rep,no min,,,,,,0,21,-37.5,28,458,32,-67.7,47,18.4,65,-77,66,11.8,125,9.47
0.223,-0.187,0.008,1,0.788,0.678,Thu Jul 19 18:22:34 2018,SL.glmnet,1,2,4thbookrPCA,ignore,none,asis,ACEREBOUT,firstfullPCAs4bk,1,20,403,171,222,0.7943,1.002,random,14,nohyperparameters,1,20,no rep,no min,,,,,,0,21,3.59,28,3.75,32,3.57,47,3.72,65,3.74,66,3.69,125,3.75
0.036,-0.248,-0.019,0.876,0.81,0.713,Thu Jul 19 18:23:22 2018,SL.ipredbagg,1,2,4thbookrPCA,ignore,none,asis,ACEREBOUT,firstfullPCAs4bk,1,20,403,159,222,0.7943,1.002,random,47,nohyperparameters,1,20,no rep,no min,,,,,,0,21,3.59,28,3.49,32,3.27,47,3.54,65,4.16,66,3.54,125,3.99
0.24,-0.025,0.121,0.96,0.698,0.586,Thu Jul 19 18:23:24 2018,SL.kernelKnn,1,2,4thbookrPCA,ignore,none,asis,ACEREBOUT,firstfullPCAs4bk,1,20,403,127,222,0.7943,1.002,random,2,nohyperparameters,1,20,no rep,no min,,,,,,0,21,4.1,28,3.9,32,3.7,47,4.2,65,4.1,66,3.8,125,4.1
Fail,Fail,Fail,Fail,Fail,Fail,Thu Jul 19 18:23:26 2018,SL.knn,1,2,4thbookrPCA,ignore,none,asis,ACEREBOUT,firstfullPCAs4bk,1,20,403,127,222,2
0.08,0.031,0.097,0.895,0.717,0.554,Thu Jul 19 18:23:30 2018,SL.ksvm,1,2,4thbookrPCA,ignore,none,asis,ACEREBOUT,firstfullPCAs4bk,1,20,403,157,222,0.7943,1.002,random,4,nohyperparameters,1,20,no rep,no min,,,,,,0,21,3.88,28,3.88,32,3.89,47,3.88,65,4.05,66,3.43,125,3.83
Fail,Fail,Fail,Fail,Fail,Fail,Thu Jul 19 18:23:33 2018,SL.lda,1,2,4thbookrPCA,ignore,none,asis,ACEREBOUT,firstfullPCAs4bk,1,20,403,127,222,2
Fail,Fail,Fail,Fail,Fail,Fail,Thu Jul 19 18:23:34 2018,SL.leekasso,1,2,4thbookrPCA,ignore,none,asis,ACEREBOUT,firstfullPCAs4bk,1,20,403,127,222,1
0.321,-0.51,-0.303,22.2,1.03,0.863,Thu Jul 19 18:23:36 2018,SL.lm,1,2,4thbookrPCA,ignore,none,asis,ACEREBOUT,firstfullPCAs4bk,1,20,403,127,222,0.7943,1.002,random,1,nohyperparameters,1,20,no rep,no min,,,,,,0,21,1.9,28,5.77,32,4.64,47,5.5,65,4.38,66,3.13,125,3.47
0.009,-0.081,0.044,0.924,0.76,0.618,Thu Jul 19 18:23:38 2018,SL.loess,1,2,4thbookrPCA,ignore,none,asis,ACEREBOUT,firstfullPCAs4bk,1,20,403,127,222,0.7943,1.002,random,1,nohyperparameters,1,20,no rep,no min,,,,,,0,21,3.59,28,3.78,32,3.93,47,3.8,65,3.78,66,3.8,125,3.78
Fail,Fail,Fail,Fail,Fail,Fail,Thu Jul 19 18:23:42 2018,SL.logreg,1,2,4thbookrPCA,ignore,none,asis,ACEREBOUT,firstfullPCAs4bk,1,20,403,127,222,3
NA,-0.183,0,1.02,0.794,0.676,Thu Jul 19 18:23:42 2018,SL.mean,1,2,4thbookrPCA,ignore,none,asis,ACEREBOUT,firstfullPCAs4bk,1,20,403,127,222,0.7943,1.002,random,0,nohyperparameters,1,20,no rep,no min,,,,,,0,21,3.76,28,3.76,32,3.76,47,3.76,65,3.76,66,3.76,125,3.76
-0.111,-6.847,-6.936,12.7,6.3,4.48,Thu Jul 19 18:23:47 2018,SL.nnet,1,2,4thbookrPCA,ignore,none,asis,ACEREBOUT,firstfullPCAs4bk,1,20,403,256,222,0.7943,1.002,random,4,nohyperparameters,1,20,no rep,no min,,,,,,0,21,13.4,28,-7.96,32,3.97,47,3.97,65,6.84,66,3.97,125,0.805
0.009,-5.969,-4.102,15.1,4.05,3.98,Thu Jul 19 18:23:47 2018,SL.nnls,1,2,4thbookrPCA,ignore,none,asis,ACEREBOUT,firstfullPCAs4bk,1,20,403,127,222,0.7943,1.002,random,0,nohyperparameters,1,20,no rep,no min,,,,,,0,21,-0.0314,28,0.105,32,0.0473,47,0.00416,65,-0.00464,66,0.00429,125,0.000226
-0.437,-1.649,-1.943,1.86,2.34,1.51,Thu Jul 19 18:23:57 2018,SL.polymars,1,2,4thbookrPCA,ignore,none,asis,ACEREBOUT,firstfullPCAs4bk,1,20,403,127,222,0.7943,1.002,random,9,nohyperparameters,1,20,no rep,no min,,,,,,0,21,8.71,28,4.12,32,3.34,47,3.32,65,4.3,66,4.08,125,3.95
Fail,Fail,Fail,Fail,Fail,Fail,Thu Jul 19 18:24:00 2018,SL.qda,1,2,4thbookrPCA,ignore,none,asis,ACEREBOUT,firstfullPCAs4bk,1,20,403,127,222,2
0.08,-0.164,0.016,0.854,0.782,0.665,Thu Jul 19 18:24:43 2018,SL.randomForest,1,2,4thbookrPCA,ignore,none,asis,ACEREBOUT,firstfullPCAs4bk,1,20,403,101,222,0.7943,1.002,random,42,nohyperparameters,1,20,no rep,no min,,,,,,0,21,3.68,28,3.65,32,3.27,47,3.59,65,4.02,66,3.51,125,4.05
0.223,-0.164,0.027,0.855,0.773,0.665,Thu Jul 19 18:24:52 2018,SL.ranger,1,2,4thbookrPCA,ignore,none,asis,ACEREBOUT,firstfullPCAs4bk,1,20,403,170,222,0.7943,1.002,random,8,nohyperparameters,1,20,no rep,no min,,,,,,0,21,3.62,28,3.52,32,3.38,47,3.64,65,4.03,66,3.51,125,3.97
0.437,0.212,0.203,0.945,0.633,0.45,Thu Jul 19 18:24:53 2018,SL.ridge,1,2,4thbookrPCA,ignore,none,asis,ACEREBOUT,firstfullPCAs4bk,1,20,403,127,222,0.7943,1.002,random,1,nohyperparameters,1,20,no rep,no min,,,,,,0,21,3.51,28,4.01,32,3.97,47,4.51,65,4.32,66,3.37,125,3.56
0.275,-0.108,0.126,1.16,0.694,0.633,Thu Jul 19 18:24:55 2018,SL.rpart,1,2,4thbookrPCA,ignore,none,asis,ACEREBOUT,firstfullPCAs4bk,1,20,403,127,222,0.7943,1.002,random,1,nohyperparameters,1,20,no rep,no min,,,,,,0,21,3.9,28,3.12,32,3.14,47,4.33,65,4.73,66,3.13,125,4.73
NA,-0.183,0,1.07,0.794,0.676,Thu Jul 19 18:24:57 2018,SL.rpartPrune,1,2,4thbookrPCA,ignore,none,asis,ACEREBOUT,firstfullPCAs4bk,1,20,403,171,222,0.7943,1.002,random,2,nohyperparameters,1,20,no rep,no min,,,,,,0,21,3.76,28,3.76,32,3.76,47,3.76,65,3.76,66,3.76,125,3.76
0.321,-0.51,-0.303,22.2,1.03,0.863,Thu Jul 19 18:24:59 2018,SL.speedglm,1,2,4thbookrPCA,ignore,none,asis,ACEREBOUT,firstfullPCAs4bk,1,20,403,429,222,0.7943,1.002,random,2,nohyperparameters,1,20,no rep,no min,,,,,,0,21,1.9,28,5.77,32,4.64,47,5.5,65,4.38,66,3.13,125,3.47
0.321,-0.51,-0.303,22.2,1.03,0.863,Thu Jul 19 18:25:01 2018,SL.speedlm,1,2,4thbookrPCA,ignore,none,asis,ACEREBOUT,firstfullPCAs4bk,1,20,403,429,222,0.7943,1.002,random,1,nohyperparameters,1,20,no rep,no min,,,,,,0,21,1.9,28,5.77,32,4.64,47,5.5,65,4.38,66,3.13,125,3.47
0.321,-1.8,-1.686,8.32,2.13,1.6,Thu Jul 19 18:27:26 2018,SL.step,1,2,4thbookrPCA,ignore,none,asis,ACEREBOUT,firstfullPCAs4bk,1,20,403,127,222,0.7943,1.002,random,144,nohyperparameters,1,20,no rep,no min,,,,,,0,21,-1.05,28,7.27,32,4.41,47,6.44,65,4.49,66,3.02,125,3.48
0.437,0.235,0.191,2.37,0.643,0.437,Thu Jul 19 18:28:11 2018,SL.step.forward,1,2,4thbookrPCA,ignore,none,asis,ACEREBOUT,firstfullPCAs4bk,1,20,403,127,222,0.7943,1.002,random,45,nohyperparameters,1,20,no rep,no min,,,,,,0,21,3.27,28,4.08,32,3.88,47,4.77,65,4.54,66,3.27,125,3.46
-0.08,-126.631,-132.252,3580,106,72.9,Thu Jul 19 22:43:30 2018,SL.step.interaction,1,2,4thbookrPCA,ignore,none,asis,ACEREBOUT,firstfullPCAs4bk,1,20,403,127,222,0.7943,1.002,random,15318,nohyperparameters,1,20,no rep,no min,,,,,,0,21,233,28,-58.3,32,-67.9,47,132,65,6.56,66,19.5,125,4.71
0.036,-0.255,-0.134,1.7,0.9,0.717,Thu Jul 19 22:43:44 2018,SL.stepAIC,1,2,4thbookrPCA,ignore,none,asis,ACEREBOUT,firstfullPCAs4bk,1,20,403,127,222,0.7943,1.002,random,14,nohyperparameters,1,20,no rep,no min,,,,,,0,21,2.94,28,3.7,32,2.84,47,3.56,65,3.94,66,3.71,125,3.72
0.08,-0.023,0.03,0.879,0.771,0.585,Thu Jul 19 22:43:47 2018,SL.svm,1,2,4thbookrPCA,ignore,none,asis,ACEREBOUT,firstfullPCAs4bk,1,20,403,127,222,0.7943,1.002,random,2,nohyperparameters,1,20,no rep,no min,,,,,,0,21,3.84,28,3.85,32,3.9,47,3.89,65,4.1,66,3.37,125,3.57
0.036,-0.582,-0.293,0.921,1.03,0.904,Thu Jul 19 22:44:42 2018,SL.xgboost,1,2,4thbookrPCA,ignore,none,asis,ACEREBOUT,firstfullPCAs4bk,1,20,403,487,222,0.7943,1.002,random,54,nohyperparameters,1,20,no rep,no min,,,,,,0,21,3.61,28,2.41,32,3.46,47,3.44,65,4.51,66,3.34,125,3.83
0.223,-0.159,0.058,0.498,0.748,0.663,Fri Jul 20 03:40:06 2018,method.NNLS,1,2,4thbookrPCA,ignore,none,asis,ACEREBOUT,firstfullPCAs4bk,1,20,403,606,222,0.7943,1.002,random,17716,nohyperparameters,1,20,no rep,no min,,,,,,0,21,3.75,28,3.72,32,3.48,47,3.76,65,4.23,66,3.57,125,3.95
Fail,Fail,Fail,Fail,Fail,Fail,Fri Jul 20 03:40:07 2018,method.NNLS2,1,2,4thbookrPCA,ignore,none,asis,ACEREBOUT,firstfullPCAs4bk,1,20,403,624,222,0
0.24,-4.252,-2.896,2.93,3.09,3,Fri Jul 20 03:40:13 2018,method.NNloglik,1,2,4thbookrPCA,ignore,none,asis,ACEREBOUT,firstfullPCAs4bk,1,20,403,50,222,0.7943,1.002,random,6,nohyperparameters,1,20,no rep,no min,,,,,,0,21,0.998,28,0.999,32,0.999,47,0.999,65,0.999,66,0.999,125,0.999
0.223,-0.16,0.059,0.498,0.748,0.663,Fri Jul 20 03:40:16 2018,method.CC_LS,1,2,4thbookrPCA,ignore,none,asis,ACEREBOUT,firstfullPCAs4bk,1,20,403,624,222,0.7943,1.002,random,2,nohyperparameters,1,20,no rep,no min,,,,,,0,21,3.75,28,3.71,32,3.49,47,3.77,65,4.23,66,3.57,125,3.95
0.08,-4.254,-2.898,2.93,3.1,3,Fri Jul 20 03:40:22 2018,method.CC_nloglik,1,2,4thbookrPCA,ignore,none,asis,ACEREBOUT,firstfullPCAs4bk,1,20,403,50,222,0.7943,1.002,random,6,nohyperparameters,1,20,no rep,no min,,,,,,0,21,0.996,28,0.998,32,0.997,47,0.998,65,0.997,66,0.998,125,0.998
1,1,1,-1,0,0,Fri Jul 20 10:52:55 2018,perfect,1,2,4thbookrPCA,ignore,none,asis,ACEREBOUT,firstfullPCAs4bk,1,20,403,168,222,0.7943,1.002,random,NA,nohyperparameters,1,20,no rep,no min,,,,,,0,21,3,28,4,32,4,47,5,65,4,66,3,125,5
0.143,-0.185,-0.016,0.187,0.807,0.677,Fri Jul 20 12:16:44 2018,TPOT 18,1,2,4thbookrPCA,ignore,none,asis,ACEREBOUT,firstfullPCAs4bk,1,20,403,624,222,0.7943,1.002,genetic,4897,cv,25,18,50,10,Normalizer,GradientBoostingRegressor,,,,0,21,3.92,28,4.1,32,3.97,47,4.15,65,4.91,66,3.58,125,3.66
0.009,-0.335,-0.123,0.467,0.892,0.763,Sat Jul 21 13:25:49 2018,TPOT 25,1,2,4thbookrPCA,ignore,none,asis,ACEREBOUT,firstfullPCAs4bk,1,20,403,624,222,0.7943,1.002,genetic,90546,cv,25,25,50,10,Normalizer,MinMaxScaler,StackingExtraTreesRegressor,StackingKNeighborsRegressor,StackingExtraTreesRegressor,0,21,4.05,28,3.43,32,4.11,47,3.9,65,4.62,66,3.32,125,3.45
-0.143,-0.753,-0.45,0.342,1.15,1,Mon Jul 23 00:27:58 2018,TPOT 33,1,2,4thbookrPCA,ignore,none,asis,ACEREBOUT,firstfullPCAs4bk,1,20,403,624,222,0.7943,1.002,genetic,126128,cv,25,33,50,10,make_union,FunctionTransformer,FunctionTransformer,,Normalizer,0,21,4.65,28,2.96,32,3.73,47,3.64,65,4.63,66,3.31,125,3.24
0.009,-0.579,-0.301,0.439,1.03,0.902,Mon Jul 23 10:32:35 2018,TPOT 41,1,2,4thbookrPCA,ignore,none,asis,ACEREBOUT,firstfullPCAs4bk,1,20,403,624,222,0.7943,1.002,genetic,36277,cv,25,41,50,10,Normalizer,StackingExtraTreesRegressor,StackingElasticNetCV,SelectPercentile,ElasticNetCV,0,21,4.31,28,3.24,32,3.22,47,3.44,65,4.31,66,3.18,125,3.58
1,1,1,-1,0,0,Mon Jul 23 11:13:05 2018,perfect,1,2,4thbookrPCA,ignore,none,asis,ACEREBOUT,firstfullPCAs4bk,1,20,403,168,222,0.7943,1.002,random,NA,nohyperparameters,1,20,no rep,no min,,,,,,,,,,0,21,3,28,4,32,4,47,5,65,4,66,3,125,5
0.321,-0.143,0.06,0.511,0.746,0.653,Mon Jul 23 11:15:03 2018,111_TPOT,1,2,4thbookrPCA,ignore,none,asis,ACEREBOUT,firstfullPCAs4bk,1,20,403,624,222,0.7943,1.002,genetic,88,40,25,5,50,12,0.9,0.1,1,,,,,,,0,21,3.66,28,3.6,32,3.45,47,3.7,65,3.9,66,3.59,125,4.03
0.321,-0.143,0.06,0.511,0.746,0.653,Mon Jul 23 11:16:50 2018,111_TPOT,1,2,4thbookrPCA,ignore,none,asis,ACEREBOUT,firstfullPCAs4bk,1,20,403,224,222,0.7943,1.002,genetic,194,40,25,5,50,12,0.9,0.1,2,,,,,,,0,21,3.66,28,3.6,32,3.45,47,3.7,65,3.9,66,3.59,125,4.03
0.321,-0.143,0.06,0.511,0.746,0.653,Mon Jul 23 11:18:26 2018,111_TPOT,1,2,4thbookrPCA,ignore,none,asis,ACEREBOUT,firstfullPCAs4bk,1,20,403,224,222,0.7943,1.002,genetic,290,40,25,5,50,12,0.9,0.1,3,,,,,,,0,21,3.66,28,3.6,32,3.45,47,3.7,65,3.9,66,3.59,125,4.03
0.321,-0.143,0.06,0.511,0.746,0.653,Mon Jul 23 11:20:02 2018,111_TPOT,1,2,4thbookrPCA,ignore,none,asis,ACEREBOUT,firstfullPCAs4bk,1,20,403,224,222,0.7943,1.002,genetic,387,40,25,5,50,12,0.9,0.1,4,,,,,,,0,21,3.66,28,3.6,32,3.45,47,3.7,65,3.9,66,3.59,125,4.03
0.321,-0.143,0.06,0.511,0.746,0.653,Mon Jul 23 11:21:34 2018,111_TPOT,1,2,4thbookrPCA,ignore,none,asis,ACEREBOUT,firstfullPCAs4bk,1,20,403,224,222,0.7943,1.002,genetic,479,40,25,5,50,12,0.9,0.1,5,,,,,,,0,21,3.66,28,3.6,32,3.45,47,3.7,65,3.9,66,3.59,125,4.03
0.321,-0.143,0.06,0.511,0.746,0.653,Mon Jul 23 11:23:05 2018,111_TPOT,1,2,4thbookrPCA,ignore,none,asis,ACEREBOUT,firstfullPCAs4bk,1,20,403,224,222,0.7943,1.002,genetic,570,40,25,5,50,12,0.9,0.1,6,,,,,,,0,21,3.66,28,3.6,32,3.45,47,3.7,65,3.9,66,3.59,125,4.03
0.321,-0.143,0.06,0.511,0.746,0.653,Mon Jul 23 11:24:34 2018,111_TPOT,1,2,4thbookrPCA,ignore,none,asis,ACEREBOUT,firstfullPCAs4bk,1,20,403,224,222,0.7943,1.002,genetic,658,40,25,5,50,12,0.9,0.1,7,,,,,,,0,21,3.66,28,3.6,32,3.45,47,3.7,65,3.9,66,3.59,125,4.03
0.321,-0.143,0.06,0.511,0.746,0.653,Mon Jul 23 11:26:04 2018,111_TPOT,1,2,4thbookrPCA,ignore,none,asis,ACEREBOUT,firstfullPCAs4bk,1,20,403,224,222,0.7943,1.002,genetic,748,40,25,5,50,12,0.9,0.1,8,,,,,,,0,21,3.66,28,3.6,32,3.45,47,3.7,65,3.9,66,3.59,125,4.03
0.321,-0.143,0.06,0.511,0.746,0.653,Mon Jul 23 11:27:46 2018,111_TPOT,1,2,4thbookrPCA,ignore,none,asis,ACEREBOUT,firstfullPCAs4bk,1,20,403,224,222,0.7943,1.002,genetic,850,40,25,5,50,12,0.9,0.1,9,,,,,,,0,21,3.66,28,3.6,32,3.45,47,3.7,65,3.9,66,3.59,125,4.03
0.321,-0.143,0.06,0.511,0.746,0.653,Mon Jul 23 11:29:17 2018,111_TPOT,1,2,4thbookrPCA,ignore,none,asis,ACEREBOUT,firstfullPCAs4bk,1,20,403,224,222,0.7943,1.002,genetic,942,40,25,5,50,12,0.9,0.1,10,,,,,,,0,21,3.66,28,3.6,32,3.45,47,3.7,65,3.9,66,3.59,125,4.03
0.321,-0.143,0.06,0.511,0.746,0.653,Mon Jul 23 11:30:47 2018,111_TPOT,1,2,4thbookrPCA,ignore,none,asis,ACEREBOUT,firstfullPCAs4bk,1,20,403,224,222,0.7943,1.002,genetic,1031,40,25,5,50,12,0.9,0.1,11,,,,,,,0,21,3.66,28,3.6,32,3.45,47,3.7,65,3.9,66,3.59,125,4.03
0.321,-0.143,0.06,0.511,0.746,0.653,Mon Jul 23 11:32:53 2018,111_TPOT,1,2,4thbookrPCA,ignore,none,asis,ACEREBOUT,firstfullPCAs4bk,1,20,403,224,222,0.7943,1.002,genetic,1157,40,25,5,50,12,0.9,0.1,12,,,,,,,0,21,3.66,28,3.6,32,3.45,47,3.7,65,3.9,66,3.59,125,4.03
0.321,-0.143,0.06,0.511,0.746,0.653,Mon Jul 23 11:34:23 2018,111_TPOT,1,2,4thbookrPCA,ignore,none,asis,ACEREBOUT,firstfullPCAs4bk,1,20,403,224,222,0.7943,1.002,genetic,1248,40,25,5,50,12,0.9,0.1,13,,,,,,,0,21,3.66,28,3.6,32,3.45,47,3.7,65,3.9,66,3.59,125,4.03
0,-0.25,-0.037,0.584,0.824,0.714,Mon Jul 23 11:38:26 2018,267_TPOT,1,2,4thbookrPCA,ignore,none,asis,ACEREBOUT,firstfullPCAs4bk,1,20,403,624,222,0.7943,1.002,genetic,214,40,25,12,50,12,0.9,0.1,1,,,,,,,0,21,3.72,28,3.64,32,3.31,47,3.52,65,4.14,66,3.54,125,3.94
0,-0.25,-0.037,0.584,0.824,0.714,Mon Jul 23 11:42:25 2018,267_TPOT,1,2,4thbookrPCA,ignore,none,asis,ACEREBOUT,firstfullPCAs4bk,1,20,403,624,222,0.7943,1.002,genetic,453,40,25,12,50,12,0.9,0.1,2,,,,,,,0,21,3.72,28,3.64,32,3.31,47,3.52,65,4.14,66,3.54,125,3.94
0,-0.25,-0.037,0.584,0.824,0.714,Mon Jul 23 11:45:58 2018,267_TPOT,1,2,4thbookrPCA,ignore,none,asis,ACEREBOUT,firstfullPCAs4bk,1,20,403,624,222,0.7943,1.002,genetic,666,40,25,12,50,12,0.9,0.1,3,,,,,,,0,21,3.72,28,3.64,32,3.31,47,3.52,65,4.14,66,3.54,125,3.94
0,-0.25,-0.037,0.584,0.824,0.714,Mon Jul 23 11:49:34 2018,267_TPOT,1,2,4thbookrPCA,ignore,none,asis,ACEREBOUT,firstfullPCAs4bk,1,20,403,624,222,0.7943,1.002,genetic,883,40,25,12,50,12,0.9,0.1,4,,,,,,,0,21,3.72,28,3.64,32,3.31,47,3.52,65,4.14,66,3.54,125,3.94
0,-0.25,-0.037,0.584,0.824,0.714,Mon Jul 23 11:53:06 2018,267_TPOT,1,2,4thbookrPCA,ignore,none,asis,ACEREBOUT,firstfullPCAs4bk,1,20,403,624,222,0.7943,1.002,genetic,1094,40,25,12,50,12,0.9,0.1,5,,,,,,,0,21,3.72,28,3.64,32,3.31,47,3.52,65,4.14,66,3.54,125,3.94
0,-0.25,-0.037,0.584,0.824,0.714,Mon Jul 23 11:56:02 2018,267_TPOT,1,2,4thbookrPCA,ignore,none,asis,ACEREBOUT,firstfullPCAs4bk,1,20,403,624,222,0.7943,1.002,genetic,1271,40,25,12,50,12,0.9,0.1,6,MinMaxScaler,RandomForestRegressor,,,,,0,21,3.72,28,3.64,32,3.31,47,3.52,65,4.14,66,3.54,125,3.94
0.321,-0.181,0.022,0.242,0.777,0.675,Mon Jul 23 12:00:11 2018,111_TPOT,1,2,4thbookrPCA,ignore,none,asis,ACEREBOUT,firstfullPCAs4bk,1,20,403,624,222,0.7943,1.002,genetic,155,40,25,5,50,12,0.9,0.1,1,,,,,,,0,21,3.59,28,3.55,32,3.17,47,3.6,65,4.09,66,3.49,125,4.13
0.321,-0.181,0.022,0.242,0.777,0.675,Mon Jul 23 12:02:44 2018,111_TPOT,1,2,4thbookrPCA,ignore,none,asis,ACEREBOUT,firstfullPCAs4bk,1,20,403,624,222,0.7943,1.002,genetic,309,40,25,5,50,12,0.9,0.1,2,,,,,,,0,21,3.59,28,3.55,32,3.17,47,3.6,65,4.09,66,3.49,125,4.13
0.321,-0.181,0.022,0.242,0.777,0.675,Mon Jul 23 12:05:19 2018,111_TPOT,1,2,4thbookrPCA,ignore,none,asis,ACEREBOUT,firstfullPCAs4bk,1,20,403,624,222,0.7943,1.002,genetic,463,40,25,5,50,12,0.9,0.1,3,,,,,,,0,21,3.59,28,3.55,32,3.17,47,3.6,65,4.09,66,3.49,125,4.13
0.321,-0.181,0.022,0.242,0.777,0.675,Mon Jul 23 12:07:52 2018,111_TPOT,1,2,4thbookrPCA,ignore,none,asis,ACEREBOUT,firstfullPCAs4bk,1,20,403,624,222,0.7943,1.002,genetic,617,40,25,5,50,12,0.9,0.1,4,,,,,,,0,21,3.59,28,3.55,32,3.17,47,3.6,65,4.09,66,3.49,125,4.13
0.321,-0.181,0.022,0.242,0.777,0.675,Mon Jul 23 12:10:26 2018,111_TPOT,1,2,4thbookrPCA,ignore,none,asis,ACEREBOUT,firstfullPCAs4bk,1,20,403,624,222,0.7943,1.002,genetic,770,40,25,5,50,12,0.9,0.1,5,,,,,,,0,21,3.59,28,3.55,32,3.17,47,3.6,65,4.09,66,3.49,125,4.13
0.321,-0.181,0.022,0.242,0.777,0.675,Mon Jul 23 12:13:00 2018,111_TPOT,1,2,4thbookrPCA,ignore,none,asis,ACEREBOUT,firstfullPCAs4bk,1,20,403,624,222,0.7943,1.002,genetic,924,40,25,5,50,12,0.9,0.1,6,,,,,,,0,21,3.59,28,3.55,32,3.17,47,3.6,65,4.09,66,3.49,125,4.13
0.321,-0.181,0.022,0.242,0.777,0.675,Mon Jul 23 12:15:37 2018,111_TPOT,1,2,4thbookrPCA,ignore,none,asis,ACEREBOUT,firstfullPCAs4bk,1,20,403,624,222,0.7943,1.002,genetic,1081,40,25,5,50,12,0.9,0.1,7,,,,,,,0,21,3.59,28,3.55,32,3.17,47,3.6,65,4.09,66,3.49,125,4.13
0.321,-0.181,0.022,0.242,0.777,0.675,Mon Jul 23 12:18:13 2018,111_TPOT,1,2,4thbookrPCA,ignore,none,asis,ACEREBOUT,firstfullPCAs4bk,1,20,403,624,222,0.7943,1.002,genetic,1238,40,25,5,50,12,0.9,0.1,8,,,,,,,0,21,3.59,28,3.55,32,3.17,47,3.6,65,4.09,66,3.49,125,4.13
0.321,-0.181,0.022,0.242,0.777,0.675,Mon Jul 23 12:20:50 2018,111_TPOT,1,2,4thbookrPCA,ignore,none,asis,ACEREBOUT,firstfullPCAs4bk,1,20,403,624,222,0.7943,1.002,genetic,1395,40,25,5,50,12,0.9,0.1,9,,,,,,,0,21,3.59,28,3.55,32,3.17,47,3.6,65,4.09,66,3.49,125,4.13
0.321,-0.181,0.022,0.242,0.777,0.675,Mon Jul 23 12:23:27 2018,111_TPOT,1,2,4thbookrPCA,ignore,none,asis,ACEREBOUT,firstfullPCAs4bk,1,20,403,624,222,0.7943,1.002,genetic,1551,40,25,5,50,12,0.9,0.1,10,,,,,,,0,21,3.59,28,3.55,32,3.17,47,3.6,65,4.09,66,3.49,125,4.13
0.321,-0.181,0.022,0.242,0.777,0.675,Mon Jul 23 12:26:03 2018,111_TPOT,1,2,4thbookrPCA,ignore,none,asis,ACEREBOUT,firstfullPCAs4bk,1,20,403,624,222,0.7943,1.002,genetic,1708,40,25,5,50,12,0.9,0.1,11,,,,,,,0,21,3.59,28,3.55,32,3.17,47,3.6,65,4.09,66,3.49,125,4.13
0.321,-0.181,0.022,0.242,0.777,0.675,Mon Jul 23 12:28:40 2018,111_TPOT,1,2,4thbookrPCA,ignore,none,asis,ACEREBOUT,firstfullPCAs4bk,1,20,403,624,222,0.7943,1.002,genetic,1865,40,25,5,50,12,0.9,0.1,12,,,,,,,0,21,3.59,28,3.55,32,3.17,47,3.6,65,4.09,66,3.49,125,4.13
0.321,-0.181,0.022,0.242,0.777,0.675,Mon Jul 23 12:31:17 2018,111_TPOT,1,2,4thbookrPCA,ignore,none,asis,ACEREBOUT,firstfullPCAs4bk,1,20,403,624,222,0.7943,1.002,genetic,2022,40,25,5,50,12,0.9,0.1,13,,,,,,,0,21,3.59,28,3.55,32,3.17,47,3.6,65,4.09,66,3.49,125,4.13
-0.036,-0.115,-0.005,0.343,0.798,0.637,Mon Jul 23 12:37:57 2018,244_TPOT,1,2,4thbookrPCA,ignore,none,asis,ACEREBOUT,firstfullPCAs4bk,1,20,403,624,222,0.7943,1.002,genetic,400,40,25,11,50,12,0.9,0.1,1,Normalizer,RandomForestRegressor,,,,,0,21,3.89,28,3.78,32,3.79,47,3.7,65,4.12,66,3.42,125,3.7
0,-0.196,0.019,0.56,0.779,0.683,Mon Jul 23 12:41:53 2018,244_TPOT,1,2,4thbookrPCA,ignore,none,asis,ACEREBOUT,firstfullPCAs4bk,1,20,403,624,222,0.7943,1.002,genetic,636,40,25,11,50,12,0.9,0.1,2,MinMaxScaler,RandomForestRegressor,,,,,0,21,3.57,28,3.55,32,3.36,47,3.57,65,4.16,66,3.59,125,4.06
Fail,Fail,Fail,Fail,Fail,Fail,Mon Jul 23 12:42:16 2018,244_TPOT,1,2,4thbookrPCA,ignore,none,asis,ACEREBOUT,firstfullPCAs4bk,1,20,403,624,222,659
0,-0.25,-0.037,0.584,0.824,0.714,Mon Jul 23 12:52:08 2018,111_TPOT,1,2,4thbookrPCA,ignore,none,asis,ACEREBOUT,firstfullPCAs4bk,1,20,403,624,222,0.7943,1.002,genetic,33,40,25,5,50,12,0.9,0.1,1,MinMaxScaler,RandomForestRegressor,,,,,0,21,3.72,28,3.64,32,3.31,47,3.52,65,4.14,66,3.54,125,3.94
0.036,-0.151,0.013,0.571,0.784,0.658,Mon Jul 23 12:52:19 2018,111_TPOT,1,2,4thbookrPCA,ignore,none,asis,ACEREBOUT,firstfullPCAs4bk,1,20,403,624,222,0.7943,1.002,genetic,44,40,25,5,50,12,0.9,0.1,2,MinMaxScaler,RandomForestRegressor,,,,,0,21,3.58,28,3.68,32,3.34,47,3.54,65,4.01,66,3.64,125,4.06
Fail,Fail,Fail,Fail,Fail,Fail,Mon Jul 23 12:52:23 2018,111_TPOT,1,2,4thbookrPCA,ignore,none,asis,ACEREBOUT,firstfullPCAs4bk,1,20,403,624,222,48
0.571,-0.011,0.165,0.412,0.663,0.578,Mon Jul 23 12:56:37 2018,111_TPOT,1,2,4thbookrPCA,ignore,none,asis,ACEREBOUT,firstfullPCAs4bk,1,20,403,624,222,0.7943,1.002,genetic,248,40,25,5,50,12,0.9,0.1,1,StackingExtraTreesRegressor,RandomForestRegressor,,,,,0,21,3.79,28,3.87,32,3.05,47,4.17,65,4.16,66,3.34,125,4.16
0.571,-0.011,0.165,0.412,0.663,0.578,Mon Jul 23 13:01:03 2018,111_TPOT,1,2,4thbookrPCA,ignore,none,asis,ACEREBOUT,firstfullPCAs4bk,1,20,403,224,222,0.7943,1.002,genetic,513,40,25,5,50,12,0.9,0.1,2,StackingExtraTreesRegressor,RandomForestRegressor,,,,,0,21,3.79,28,3.87,32,3.05,47,4.17,65,4.16,66,3.34,125,4.16
0.143,-0.186,0.053,0.535,0.752,0.678,Mon Jul 23 13:06:42 2018,111_TPOT,1,2,4thbookrPCA,ignore,none,asis,ACEREBOUT,firstfullPCAs4bk,1,20,403,224,222,0.7943,1.002,genetic,852,40,25,5,50,12,0.9,0.1,3,StackingExtraTreesRegressor,LassoLarsCV,,,,,0,21,3.93,28,3.4,32,3.56,47,3.7,65,4.25,66,3.48,125,4.25
0.08,-0.371,-0.051,0.523,0.835,0.784,Mon Jul 23 13:12:59 2018,111_TPOT,1,2,4thbookrPCA,ignore,none,asis,ACEREBOUT,firstfullPCAs4bk,1,20,403,224,222,0.7943,1.002,genetic,1229,40,25,5,50,12,0.9,0.1,4,StackingExtraTreesRegressor,ExtraTreesRegressor,,,,,0,21,3.89,28,3.71,32,3.05,47,3.79,65,4.56,66,3.61,125,4.03
-0.143,-0.377,-0.175,0.406,0.933,0.787,Mon Jul 23 13:18:01 2018,111_TPOT,1,2,4thbookrPCA,ignore,none,asis,ACEREBOUT,firstfullPCAs4bk,1,20,403,224,222,0.7943,1.002,genetic,1531,40,25,5,50,12,0.9,0.1,5,ZeroCount,XGBRegressor,,,,,0,21,3.98,28,3.61,32,3.89,47,3.32,65,4.47,66,3.66,125,3.78
0.143,-0.076,0.004,0.377,0.791,0.615,Mon Jul 23 13:21:25 2018,111_TPOT,1,2,4thbookrPCA,ignore,none,asis,ACEREBOUT,firstfullPCAs4bk,1,20,403,224,222,0.7943,1.002,genetic,1736,40,25,5,50,12,0.9,0.1,6,Normalizer,XGBRegressor,,,,,0,21,3.64,28,3.94,32,3.98,47,3.79,65,4.84,66,3.21,125,3.67
0.143,-0.076,0.004,0.377,0.791,0.615,Mon Jul 23 13:23:17 2018,111_TPOT,1,2,4thbookrPCA,ignore,none,asis,ACEREBOUT,firstfullPCAs4bk,1,20,403,224,222,0.7943,1.002,genetic,1847,40,25,5,50,12,0.9,0.1,7,Normalizer,XGBRegressor,,,,,0,21,3.64,28,3.94,32,3.98,47,3.79,65,4.84,66,3.21,125,3.67
0.143,-0.087,0.077,0.362,0.733,0.621,Mon Jul 23 13:25:21 2018,111_TPOT,1,2,4thbookrPCA,ignore,none,asis,ACEREBOUT,firstfullPCAs4bk,1,20,403,224,222,0.7943,1.002,genetic,1972,40,25,5,50,12,0.9,0.1,8,RobustScaler,Normalizer,XGBRegressor,,,,0,21,3.76,28,3.78,32,4.01,47,4.14,65,4.66,66,3.57,125,3.72
0.321,-0.143,0.06,0.511,0.746,0.653,Mon Jul 23 13:28:12 2018,111_TPOT,1,2,4thbookrPCA,ignore,none,asis,ACEREBOUT,firstfullPCAs4bk,1,20,403,624,222,0.7943,1.002,genetic,91,40,25,5,50,12,0.9,0.1,1,,,,,,,0,21,3.66,28,3.6,32,3.45,47,3.7,65,3.9,66,3.59,125,4.03
0.321,-0.143,0.06,0.511,0.746,0.653,Mon Jul 23 13:30:03 2018,111_TPOT,1,2,4thbookrPCA,ignore,none,asis,ACEREBOUT,firstfullPCAs4bk,1,20,403,224,222,0.7943,1.002,genetic,203,40,25,5,50,12,0.9,0.1,2,,,,,,,0,21,3.66,28,3.6,32,3.45,47,3.7,65,3.9,66,3.59,125,4.03
0,0.025,0.01,0,0.787,0.557,Mon Jul 23 13:31:18 2018,111_TPOT,1,2,4thbookrPCA,ignore,none,asis,ACEREBOUT,firstfullPCAs4bk,1,20,403,224,222,0.7943,1.002,genetic,278,40,25,5,50,12,0.9,0.1,3,Normalizer,KNeighborsRegressor,,,,,0,21,3.67,28,4,32,4.09,47,3.6,65,4.02,66,3.38,125,3.67
0,0.025,0.01,0,0.787,0.557,Mon Jul 23 13:32:50 2018,111_TPOT,1,2,4thbookrPCA,ignore,none,asis,ACEREBOUT,firstfullPCAs4bk,1,20,403,224,222,0.7943,1.002,genetic,370,40,25,5,50,12,0.9,0.1,4,Normalizer,KNeighborsRegressor,,,,,0,21,3.67,28,4,32,4.09,47,3.6,65,4.02,66,3.38,125,3.67
0,0.025,0.01,0,0.787,0.557,Mon Jul 23 13:34:56 2018,111_TPOT,1,2,4thbookrPCA,ignore,none,asis,ACEREBOUT,firstfullPCAs4bk,1,20,403,224,222,0.7943,1.002,genetic,496,40,25,5,50,12,0.9,0.1,5,Normalizer,KNeighborsRegressor,,,,,0,21,3.67,28,4,32,4.09,47,3.6,65,4.02,66,3.38,125,3.67
0,0.025,0.01,0,0.787,0.557,Mon Jul 23 13:36:54 2018,111_TPOT,1,2,4thbookrPCA,ignore,none,asis,ACEREBOUT,firstfullPCAs4bk,1,20,403,224,222,0.7943,1.002,genetic,614,40,25,5,50,12,0.9,0.1,6,Normalizer,KNeighborsRegressor,,,,,0,21,3.67,28,4,32,4.09,47,3.6,65,4.02,66,3.38,125,3.67
Fail,Fail,Fail,Fail,Fail,Fail,Mon Jul 23 13:38:58 2018,111_TPOT,1,2,4thbookrPCA,ignore,none,asis,ACEREBOUT,firstfullPCAs4bk,1,20,403,224,222,738
0,-0.25,-0.037,0.584,0.824,0.714,Mon Jul 23 13:42:10 2018,244_TPOT,1,2,4thbookrPCA,ignore,none,asis,ACEREBOUT,firstfullPCAs4bk,1,20,403,624,222,0.7943,1.002,genetic,192,40,25,11,50,12,0.9,0.1,1,MinMaxScaler,RandomForestRegressor,,,,,0,21,3.72,28,3.64,32,3.31,47,3.52,65,4.14,66,3.54,125,3.94
0,-0.25,-0.037,0.584,0.824,0.714,Mon Jul 23 13:45:12 2018,244_TPOT,1,2,4thbookrPCA,ignore,none,asis,ACEREBOUT,firstfullPCAs4bk,1,20,403,624,222,0.7943,1.002,genetic,374,40,25,11,50,12,0.9,0.1,2,MinMaxScaler,RandomForestRegressor,,,,,0,21,3.72,28,3.64,32,3.31,47,3.52,65,4.14,66,3.54,125,3.94
0.08,-0.282,-0.022,0.297,0.812,0.732,Mon Jul 23 13:47:50 2018,244_TPOT,1,2,4thbookrPCA,ignore,none,asis,ACEREBOUT,firstfullPCAs4bk,1,20,403,624,222,0.7943,1.002,genetic,531,40,25,11,50,12,0.9,0.1,3,ZeroCount,StackingRandomForestRegressor,RandomForestRegressor,,,,0,21,3.83,28,3.64,32,3.11,47,3.75,65,4.19,66,3.56,125,3.96
-0.08,-0.287,-0.152,0.621,0.915,0.736,Mon Jul 23 13:51:18 2018,244_TPOT,1,2,4thbookrPCA,ignore,none,asis,ACEREBOUT,firstfullPCAs4bk,1,20,403,624,222,0.7943,1.002,genetic,740,40,25,11,50,12,0.9,0.1,4,Normalizer,RidgeCV,,,,,0,21,4.01,28,3.96,32,3.72,47,3.75,65,4.42,66,3.48,125,3.33
0.08,-0.199,0.004,0.28,0.791,0.685,Mon Jul 23 13:54:53 2018,244_TPOT,1,2,4thbookrPCA,ignore,none,asis,ACEREBOUT,firstfullPCAs4bk,1,20,403,624,222,0.7943,1.002,genetic,955,40,25,11,50,12,0.9,0.1,5,Normalizer,XGBRegressor,,,,,0,21,3.82,28,3.93,32,3.71,47,3.99,65,4.8,66,3.48,125,3.69
0.08,-0.199,0.004,0.28,0.791,0.685,Mon Jul 23 13:57:59 2018,244_TPOT,1,2,4thbookrPCA,ignore,none,asis,ACEREBOUT,firstfullPCAs4bk,1,20,403,624,222,0.7943,1.002,genetic,1141,40,25,11,50,12,0.9,0.1,6,Normalizer,XGBRegressor,,,,,0,21,3.82,28,3.93,32,3.71,47,3.99,65,4.8,66,3.48,125,3.69
0.08,-0.199,0.004,0.28,0.791,0.685,Mon Jul 23 14:01:54 2018,244_TPOT,1,2,4thbookrPCA,ignore,none,asis,ACEREBOUT,firstfullPCAs4bk,1,20,403,624,222,0.7943,1.002,genetic,1376,40,25,11,50,12,0.9,0.1,7,Normalizer,XGBRegressor,,,,,0,21,3.82,28,3.93,32,3.71,47,3.99,65,4.8,66,3.48,125,3.69
0.08,-0.199,0.004,0.28,0.791,0.685,Mon Jul 23 14:05:03 2018,244_TPOT,1,2,4thbookrPCA,ignore,none,asis,ACEREBOUT,firstfullPCAs4bk,1,20,403,624,222,0.7943,1.002,genetic,1565,40,25,11,50,12,0.9,0.1,8,Normalizer,XGBRegressor,,,,,0,21,3.82,28,3.93,32,3.71,47,3.99,65,4.8,66,3.48,125,3.69
0.08,-0.199,0.004,0.28,0.791,0.685,Mon Jul 23 14:09:22 2018,244_TPOT,1,2,4thbookrPCA,ignore,none,asis,ACEREBOUT,firstfullPCAs4bk,1,20,403,624,222,0.7943,1.002,genetic,1824,40,25,11,50,12,0.9,0.1,9,Normalizer,XGBRegressor,,,,,0,21,3.82,28,3.93,32,3.71,47,3.99,65,4.8,66,3.48,125,3.69
0.08,-0.199,0.004,0.28,0.791,0.685,Mon Jul 23 14:11:52 2018,244_TPOT,1,2,4thbookrPCA,ignore,none,asis,ACEREBOUT,firstfullPCAs4bk,1,20,403,624,222,0.7943,1.002,genetic,1974,40,25,11,50,12,0.9,0.1,10,Normalizer,XGBRegressor,,,,,0,21,3.82,28,3.93,32,3.71,47,3.99,65,4.8,66,3.48,125,3.69
-0.009,-0.411,-0.234,0.358,0.98,0.806,Mon Jul 23 14:13:55 2018,244_TPOT,1,2,4thbookrPCA,ignore,none,asis,ACEREBOUT,firstfullPCAs4bk,1,20,403,624,222,0.7943,1.002,genetic,2097,40,25,11,50,12,0.9,0.1,11,Normalizer,StackingExtraTreesRegressor,RidgeCV,,,,0,21,4.16,28,3.44,32,3.61,47,3.37,65,4.3,66,3.14,125,3.53
0,-0.287,-0.112,0.35,0.883,0.736,Mon Jul 23 14:16:17 2018,244_TPOT,1,2,4thbookrPCA,ignore,none,asis,ACEREBOUT,firstfullPCAs4bk,1,20,403,624,222,0.7943,1.002,genetic,2239,40,25,11,50,12,0.9,0.1,12,Normalizer,StackingExtraTreesRegressor,RidgeCV,,,,0,21,4.16,28,3.53,32,3.72,47,3.68,65,4.37,66,3.16,125,3.63
0,-0.313,-0.109,0.369,0.881,0.75,Mon Jul 23 14:19:02 2018,244_TPOT,1,2,4thbookrPCA,ignore,none,asis,ACEREBOUT,firstfullPCAs4bk,1,20,403,624,222,0.7943,1.002,genetic,2404,40,25,11,50,12,0.9,0.1,13,Normalizer,StackingExtraTreesRegressor,RidgeCV,,,,0,21,3.73,28,3.64,32,3.38,47,3.62,65,4.49,66,3.19,125,3.52
0,-0.216,-0.11,0.346,0.882,0.695,Mon Jul 23 14:20:49 2018,244_TPOT,1,2,4thbookrPCA,ignore,none,asis,ACEREBOUT,firstfullPCAs4bk,1,20,403,624,222,0.7943,1.002,genetic,2511,40,25,11,50,12,0.9,0.1,14,Normalizer,StackingExtraTreesRegressor,RidgeCV,,,,0,21,3.83,28,3.36,32,3.75,47,3.44,65,4.14,66,3.1,125,3.65
0.321,-0.143,0.06,0.511,0.746,0.653,Mon Jul 23 14:23:18 2018,129_TPOT,1,2,4thbookrPCA,ignore,none,asis,ACEREBOUT,firstfullPCAs4bk,1,20,403,624,222,0.7943,1.002,genetic,88,40,25,5,50,14,0.9,0.1,1,,,,,,,0,21,3.66,28,3.6,32,3.45,47,3.7,65,3.9,66,3.59,125,4.03
0.321,-0.143,0.06,0.511,0.746,0.653,Mon Jul 23 14:25:17 2018,129_TPOT,1,2,4thbookrPCA,ignore,none,asis,ACEREBOUT,firstfullPCAs4bk,1,20,403,224,222,0.7943,1.002,genetic,207,40,25,5,50,14,0.9,0.1,2,,,,,,,0,21,3.66,28,3.6,32,3.45,47,3.7,65,3.9,66,3.59,125,4.03
0,0.025,0.01,0,0.787,0.557,Mon Jul 23 14:26:27 2018,129_TPOT,1,2,4thbookrPCA,ignore,none,asis,ACEREBOUT,firstfullPCAs4bk,1,20,403,224,222,0.7943,1.002,genetic,277,40,25,5,50,14,0.9,0.1,3,Normalizer,KNeighborsRegressor,,,,,0,21,3.67,28,4,32,4.09,47,3.6,65,4.02,66,3.38,125,3.67
0,0.025,0.01,0,0.787,0.557,Mon Jul 23 14:28:03 2018,129_TPOT,1,2,4thbookrPCA,ignore,none,asis,ACEREBOUT,firstfullPCAs4bk,1,20,403,224,222,0.7943,1.002,genetic,373,40,25,5,50,14,0.9,0.1,4,Normalizer,KNeighborsRegressor,,,,,0,21,3.67,28,4,32,4.09,47,3.6,65,4.02,66,3.38,125,3.67
0,0.025,0.01,0,0.787,0.557,Mon Jul 23 14:30:06 2018,129_TPOT,1,2,4thbookrPCA,ignore,none,asis,ACEREBOUT,firstfullPCAs4bk,1,20,403,224,222,0.7943,1.002,genetic,496,40,25,5,50,14,0.9,0.1,5,Normalizer,KNeighborsRegressor,,,,,0,21,3.67,28,4,32,4.09,47,3.6,65,4.02,66,3.38,125,3.67
0,0.025,0.01,0,0.787,0.557,Mon Jul 23 14:31:44 2018,129_TPOT,1,2,4thbookrPCA,ignore,none,asis,ACEREBOUT,firstfullPCAs4bk,1,20,403,224,222,0.7943,1.002,genetic,594,40,25,5,50,14,0.9,0.1,6,Normalizer,KNeighborsRegressor,,,,,0,21,3.67,28,4,32,4.09,47,3.6,65,4.02,66,3.38,125,3.67
Fail,Fail,Fail,Fail,Fail,Fail,Mon Jul 23 14:33:09 2018,129_TPOT,1,2,4thbookrPCA,ignore,none,asis,ACEREBOUT,firstfullPCAs4bk,1,20,403,224,222,679
0,-0.25,-0.037,0.584,0.824,0.714,Mon Jul 23 14:35:56 2018,284_TPOT,1,2,4thbookrPCA,ignore,none,asis,ACEREBOUT,firstfullPCAs4bk,1,20,403,624,222,0.7943,1.002,genetic,167,40,25,11,50,14,0.9,0.1,1,MinMaxScaler,RandomForestRegressor,,,,,0,21,3.72,28,3.64,32,3.31,47,3.52,65,4.14,66,3.54,125,3.94
0,-0.25,-0.037,0.584,0.824,0.714,Mon Jul 23 14:38:43 2018,284_TPOT,1,2,4thbookrPCA,ignore,none,asis,ACEREBOUT,firstfullPCAs4bk,1,20,403,624,222,0.7943,1.002,genetic,334,40,25,11,50,14,0.9,0.1,2,MinMaxScaler,RandomForestRegressor,,,,,0,21,3.72,28,3.64,32,3.31,47,3.52,65,4.14,66,3.54,125,3.94
0.08,-0.282,-0.022,0.297,0.812,0.732,Mon Jul 23 14:41:14 2018,284_TPOT,1,2,4thbookrPCA,ignore,none,asis,ACEREBOUT,firstfullPCAs4bk,1,20,403,624,222,0.7943,1.002,genetic,485,40,25,11,50,14,0.9,0.1,3,ZeroCount,StackingRandomForestRegressor,RandomForestRegressor,,,,0,21,3.83,28,3.64,32,3.11,47,3.75,65,4.19,66,3.56,125,3.96
-0.08,-0.287,-0.152,0.621,0.915,0.736,Mon Jul 23 14:44:40 2018,284_TPOT,1,2,4thbookrPCA,ignore,none,asis,ACEREBOUT,firstfullPCAs4bk,1,20,403,624,222,0.7943,1.002,genetic,691,40,25,11,50,14,0.9,0.1,4,Normalizer,RidgeCV,,,,,0,21,4.01,28,3.96,32,3.72,47,3.75,65,4.42,66,3.48,125,3.33
0.08,-0.199,0.004,0.28,0.791,0.685,Mon Jul 23 14:48:17 2018,284_TPOT,1,2,4thbookrPCA,ignore,none,asis,ACEREBOUT,firstfullPCAs4bk,1,20,403,624,222,0.7943,1.002,genetic,908,40,25,11,50,14,0.9,0.1,5,Normalizer,XGBRegressor,,,,,0,21,3.82,28,3.93,32,3.71,47,3.99,65,4.8,66,3.48,125,3.69
0.08,-0.199,0.004,0.28,0.791,0.685,Mon Jul 23 14:51:26 2018,284_TPOT,1,2,4thbookrPCA,ignore,none,asis,ACEREBOUT,firstfullPCAs4bk,1,20,403,624,222,0.7943,1.002,genetic,1097,40,25,11,50,14,0.9,0.1,6,Normalizer,XGBRegressor,,,,,0,21,3.82,28,3.93,32,3.71,47,3.99,65,4.8,66,3.48,125,3.69
0.08,-0.199,0.004,0.28,0.791,0.685,Mon Jul 23 14:55:50 2018,284_TPOT,1,2,4thbookrPCA,ignore,none,asis,ACEREBOUT,firstfullPCAs4bk,1,20,403,624,222,0.7943,1.002,genetic,1362,40,25,11,50,14,0.9,0.1,7,Normalizer,XGBRegressor,,,,,0,21,3.82,28,3.93,32,3.71,47,3.99,65,4.8,66,3.48,125,3.69
0.08,-0.199,0.004,0.28,0.791,0.685,Mon Jul 23 14:59:08 2018,284_TPOT,1,2,4thbookrPCA,ignore,none,asis,ACEREBOUT,firstfullPCAs4bk,1,20,403,624,222,0.7943,1.002,genetic,1559,40,25,11,50,14,0.9,0.1,8,Normalizer,XGBRegressor,,,,,0,21,3.82,28,3.93,32,3.71,47,3.99,65,4.8,66,3.48,125,3.69
0.08,-0.199,0.004,0.28,0.791,0.685,Mon Jul 23 15:03:45 2018,284_TPOT,1,2,4thbookrPCA,ignore,none,asis,ACEREBOUT,firstfullPCAs4bk,1,20,403,624,222,0.7943,1.002,genetic,1836,40,25,11,50,14,0.9,0.1,9,Normalizer,XGBRegressor,,,,,0,21,3.82,28,3.93,32,3.71,47,3.99,65,4.8,66,3.48,125,3.69
0.08,-0.199,0.004,0.28,0.791,0.685,Mon Jul 23 15:06:38 2018,284_TPOT,1,2,4thbookrPCA,ignore,none,asis,ACEREBOUT,firstfullPCAs4bk,1,20,403,624,222,0.7943,1.002,genetic,2009,40,25,11,50,14,0.9,0.1,10,Normalizer,XGBRegressor,,,,,0,21,3.82,28,3.93,32,3.71,47,3.99,65,4.8,66,3.48,125,3.69
-0.009,-0.411,-0.234,0.358,0.98,0.806,Mon Jul 23 15:08:44 2018,284_TPOT,1,2,4thbookrPCA,ignore,none,asis,ACEREBOUT,firstfullPCAs4bk,1,20,403,624,222,0.7943,1.002,genetic,2136,40,25,11,50,14,0.9,0.1,11,Normalizer,StackingExtraTreesRegressor,RidgeCV,,,,0,21,4.16,28,3.44,32,3.61,47,3.37,65,4.3,66,3.14,125,3.53
0,-0.287,-0.112,0.35,0.883,0.736,Mon Jul 23 15:11:15 2018,284_TPOT,1,2,4thbookrPCA,ignore,none,asis,ACEREBOUT,firstfullPCAs4bk,1,20,403,624,222,0.7943,1.002,genetic,2286,40,25,11,50,14,0.9,0.1,12,Normalizer,StackingExtraTreesRegressor,RidgeCV,,,,0,21,4.16,28,3.53,32,3.72,47,3.68,65,4.37,66,3.16,125,3.63
0,-0.313,-0.109,0.369,0.881,0.75,Mon Jul 23 15:14:09 2018,284_TPOT,1,2,4thbookrPCA,ignore,none,asis,ACEREBOUT,firstfullPCAs4bk,1,20,403,624,222,0.7943,1.002,genetic,2460,40,25,11,50,14,0.9,0.1,13,Normalizer,StackingExtraTreesRegressor,RidgeCV,,,,0,21,3.73,28,3.64,32,3.38,47,3.62,65,4.49,66,3.19,125,3.52
0,-0.216,-0.11,0.346,0.882,0.695,Mon Jul 23 15:16:05 2018,284_TPOT,1,2,4thbookrPCA,ignore,none,asis,ACEREBOUT,firstfullPCAs4bk,1,20,403,624,222,0.7943,1.002,genetic,2577,40,25,11,50,14,0.9,0.1,14,Normalizer,StackingExtraTreesRegressor,RidgeCV,,,,0,21,3.83,28,3.36,32,3.75,47,3.44,65,4.14,66,3.1,125,3.65
-0.009,0.037,0.055,0.163,0.751,0.55,Mon Jul 23 15:18:24 2018,284_TPOT,1,2,4thbookrPCA,ignore,none,asis,ACEREBOUT,firstfullPCAs4bk,1,20,403,624,222,0.7943,1.002,genetic,2715,40,25,11,50,14,0.9,0.1,15,Normalizer,StackingExtraTreesRegressor,StackingExtraTreesRegressor,RidgeCV,,,0,21,4.21,28,3.98,32,3.82,47,3.79,65,4.18,66,3.08,125,4.02
0,-0.402,-0.184,0.417,0.941,0.801,Mon Jul 23 15:21:44 2018,284_TPOT,1,2,4thbookrPCA,ignore,none,asis,ACEREBOUT,firstfullPCAs4bk,1,20,403,624,222,0.7943,1.002,genetic,2916,40,25,11,50,14,0.9,0.1,16,Normalizer,StackingExtraTreesRegressor,RidgeCV,,,,0,21,4.31,28,3.79,32,3.5,47,3.69,65,4.52,66,3.32,125,3.55
-0.036,-0.241,-0.146,0.401,0.91,0.709,Mon Jul 23 15:24:19 2018,284_TPOT,1,2,4thbookrPCA,ignore,none,asis,ACEREBOUT,firstfullPCAs4bk,1,20,403,624,222,0.7943,1.002,genetic,3071,40,25,11,50,14,0.9,0.1,17,Normalizer,StackingExtraTreesRegressor,RidgeCV,,,,0,21,3.81,28,3.57,32,3.72,47,3.57,65,4.21,66,3.14,125,3.34
1,1,1,-1,0,0,Mon Jul 23 15:29:13 2018,perfect,1,2,4thbookrPCA,ignore,none,asis,ACEREBOUT,firstfullPCAs4bk,1,20,403,168,222,0.7943,1.002,random,NA,nohyperparameters,1,20,no rep,no min,,,,,,,,,,0,21,3,28,4,32,4,47,5,65,4,66,3,125,5
0.321,-0.143,0.06,0.511,0.746,0.653,Mon Jul 23 15:31:42 2018,120_TPOT,1,2,4thbookrPCA,ignore,none,asis,ACEREBOUT,firstfullPCAs4bk,1,20,403,624,222,0.7943,1.002,genetic,89,40,25,5,50,13,0.9,0.1,1,,,,,,,0,21,3.66,28,3.6,32,3.45,47,3.7,65,3.9,66,3.59,125,4.03
0.321,-0.143,0.06,0.511,0.746,0.653,Mon Jul 23 15:33:25 2018,120_TPOT,1,2,4thbookrPCA,ignore,none,asis,ACEREBOUT,firstfullPCAs4bk,1,20,403,224,222,0.7943,1.002,genetic,191,40,25,5,50,13,0.9,0.1,2,,,,,,,0,21,3.66,28,3.6,32,3.45,47,3.7,65,3.9,66,3.59,125,4.03
0,0.025,0.01,0,0.787,0.557,Mon Jul 23 15:34:33 2018,120_TPOT,1,2,4thbookrPCA,ignore,none,asis,ACEREBOUT,firstfullPCAs4bk,1,20,403,224,222,0.7943,1.002,genetic,260,40,25,5,50,13,0.9,0.1,3,Normalizer,KNeighborsRegressor,,,,,0,21,3.67,28,4,32,4.09,47,3.6,65,4.02,66,3.38,125,3.67
0,0.025,0.01,0,0.787,0.557,Mon Jul 23 15:36:04 2018,120_TPOT,1,2,4thbookrPCA,ignore,none,asis,ACEREBOUT,firstfullPCAs4bk,1,20,403,224,222,0.7943,1.002,genetic,351,40,25,5,50,13,0.9,0.1,4,Normalizer,KNeighborsRegressor,,,,,0,21,3.67,28,4,32,4.09,47,3.6,65,4.02,66,3.38,125,3.67
0,0.025,0.01,0,0.787,0.557,Mon Jul 23 15:38:19 2018,120_TPOT,1,2,4thbookrPCA,ignore,none,asis,ACEREBOUT,firstfullPCAs4bk,1,20,403,224,222,0.7943,1.002,genetic,486,40,25,5,50,13,0.9,0.1,5,Normalizer,KNeighborsRegressor,,,,,0,21,3.67,28,4,32,4.09,47,3.6,65,4.02,66,3.38,125,3.67
0,0.025,0.01,0,0.787,0.557,Mon Jul 23 15:39:59 2018,120_TPOT,1,2,4thbookrPCA,ignore,none,asis,ACEREBOUT,firstfullPCAs4bk,1,20,403,224,222,0.7943,1.002,genetic,586,40,25,5,50,13,0.9,0.1,6,Normalizer,KNeighborsRegressor,,,,,0,21,3.67,28,4,32,4.09,47,3.6,65,4.02,66,3.38,125,3.67
0,-0.25,-0.037,0.584,0.824,0.714,Mon Jul 23 15:51:20 2018,264_TPOT,1,2,4thbookrPCA,ignore,none,asis,ACEREBOUT,firstfullPCAs4bk,1,20,403,624,222,0.7943,1.002,genetic,173,40,25,11,50,13,0.9,0.1,1,MinMaxScaler,RandomForestRegressor,,,,,0,21,3.72,28,3.64,32,3.31,47,3.52,65,4.14,66,3.54,125,3.94
1,1,1,-1,0,0,Mon Jul 23 15:54:46 2018,perfect,1,2,4thbookrPCA,ignore,none,asis,ACEREBOUT,firstfullPCAs4bk,1,20,403,168,222,0.7943,1.002,random,NA,nohyperparameters,1,20,no rep,no min,,,,,,,,,,0,21,3,28,4,32,4,47,5,65,4,66,3,125,5
0.321,-0.181,0.022,0.242,0.777,0.675,Mon Jul 23 15:57:52 2018,67_TPOT,1,2,4thbookrPCA,ignore,none,asis,ACEREBOUT,firstfullPCAs4bk,1,20,403,624,222,0.7943,1.002,genetic,159,40,25,5,50,7,0.9,0.1,1,,,,,,,0,21,3.59,28,3.55,32,3.17,47,3.6,65,4.09,66,3.49,125,4.13
0.321,-0.181,0.022,0.242,0.777,0.675,Mon Jul 23 16:00:26 2018,67_TPOT,1,2,4thbookrPCA,ignore,none,asis,ACEREBOUT,firstfullPCAs4bk,1,20,403,624,222,0.7943,1.002,genetic,313,40,25,5,50,7,0.9,0.1,2,,,,,,,0,21,3.59,28,3.55,32,3.17,47,3.6,65,4.09,66,3.49,125,4.13
0.143,-0.165,0.013,0.0247,0.784,0.666,Mon Jul 23 16:03:23 2018,67_TPOT,1,2,4thbookrPCA,ignore,none,asis,ACEREBOUT,firstfullPCAs4bk,1,20,403,624,222,0.7943,1.002,genetic,490,40,25,5,50,7,0.9,0.1,3,ZeroCount,RandomForestRegressor,,,,,0,21,3.79,28,3.52,32,3.26,47,3.64,65,4.1,66,3.19,125,4.01
0.223,-0.055,0.077,0.482,0.733,0.603,Mon Jul 23 16:06:47 2018,67_TPOT,1,2,4thbookrPCA,ignore,none,asis,ACEREBOUT,firstfullPCAs4bk,1,20,403,624,222,0.7943,1.002,genetic,694,40,25,5,50,7,0.9,0.1,4,Normalizer,StackingExtraTreesRegressor,RandomForestRegressor,,,,0,21,3.8,28,3.61,32,3.87,47,3.83,65,4.16,66,3.39,125,3.82
0.08,0.007,0.101,0.446,0.714,0.568,Mon Jul 23 16:11:25 2018,67_TPOT,1,2,4thbookrPCA,ignore,none,asis,ACEREBOUT,firstfullPCAs4bk,1,20,403,224,222,0.7943,1.002,genetic,971,40,25,5,50,7,0.9,0.1,5,Normalizer,StackingExtraTreesRegressor,MinMaxScaler,LassoLarsCV,,,0,21,3.74,28,3.81,32,3.69,47,3.59,65,4.18,66,3.24,125,4.1
0,0.018,0.093,0.257,0.721,0.561,Mon Jul 23 16:16:30 2018,67_TPOT,1,2,4thbookrPCA,ignore,none,asis,ACEREBOUT,firstfullPCAs4bk,1,20,403,224,222,0.7943,1.002,genetic,1277,40,25,5,50,7,0.9,0.1,6,Normalizer,StackingExtraTreesRegressor,RandomForestRegressor,,,,0,21,4.09,28,4.05,32,3.94,47,3.97,65,4.64,66,3.07,125,4.01
0.223,-0.048,0.098,0.0177,0.716,0.599,Mon Jul 23 16:21:44 2018,67_TPOT,1,2,4thbookrPCA,ignore,none,asis,ACEREBOUT,firstfullPCAs4bk,1,20,403,224,222,0.7943,1.002,genetic,1591,40,25,5,50,7,0.9,0.1,7,Normalizer,StackingExtraTreesRegressor,MinMaxScaler,RandomForestRegressor,,,0,21,3.87,28,4.1,32,3.86,47,3.92,65,4.46,66,3.43,125,3.88
0.08,-0.156,-0.005,0.0185,0.798,0.661,Mon Jul 23 16:26:45 2018,67_TPOT,1,2,4thbookrPCA,ignore,none,asis,ACEREBOUT,firstfullPCAs4bk,1,20,403,224,222,0.7943,1.002,genetic,1892,40,25,5,50,7,0.9,0.1,8,Normalizer,StackingExtraTreesRegressor,MinMaxScaler,RandomForestRegressor,,,0,21,3.92,28,3.42,32,3.9,47,3.56,65,4.44,66,3.15,125,4.01
0.036,-0.156,-0.002,0.213,0.796,0.661,Mon Jul 23 16:31:54 2018,67_TPOT,1,2,4thbookrPCA,ignore,none,asis,ACEREBOUT,firstfullPCAs4bk,1,20,403,224,222,0.7943,1.002,genetic,2201,40,25,5,50,7,0.9,0.1,9,Normalizer,StackingExtraTreesRegressor,XGBRegressor,,,,0,21,4.03,28,4.11,32,4.18,47,4.08,65,4.78,66,3.26,125,3.66
0.143,-0.097,0.033,0.205,0.768,0.627,Mon Jul 23 16:35:54 2018,67_TPOT,1,2,4thbookrPCA,ignore,none,asis,ACEREBOUT,firstfullPCAs4bk,1,20,403,224,222,0.7943,1.002,genetic,2441,40,25,5,50,7,0.9,0.1,10,Normalizer,StackingExtraTreesRegressor,XGBRegressor,,,,0,21,3.7,28,3.94,32,3.95,47,4.1,65,4.77,66,3.49,125,3.59
0.036,-0.117,0.04,0.203,0.763,0.638,Mon Jul 23 16:40:54 2018,67_TPOT,1,2,4thbookrPCA,ignore,none,asis,ACEREBOUT,firstfullPCAs4bk,1,20,403,224,222,0.7943,1.002,genetic,2741,40,25,5,50,7,0.9,0.1,11,Normalizer,StackingExtraTreesRegressor,XGBRegressor,,,,0,21,3.85,28,3.88,32,4.01,47,4.11,65,4.52,66,3.79,125,3.72
-0.009,-0.109,0.016,0.207,0.781,0.634,Mon Jul 23 16:40:56 2018,67_TPOT,1,2,4thbookrPCA,ignore,none,asis,ACEREBOUT,firstfullPCAs4bk,1,20,403,224,222,0.7943,1.002,genetic,2743,40,25,5,50,7,0.9,0.1,12,Normalizer,StackingExtraTreesRegressor,XGBRegressor,,,,0,21,4.12,28,3.87,32,4.03,47,4.02,65,4.53,66,3.37,125,3.73
-0.009,-0.109,0.016,0.207,0.781,0.634,Mon Jul 23 16:40:58 2018,67_TPOT,1,2,4thbookrPCA,ignore,none,asis,ACEREBOUT,firstfullPCAs4bk,1,20,403,224,222,0.7943,1.002,genetic,2745,40,25,5,50,7,0.9,0.1,13,Normalizer,StackingExtraTreesRegressor,XGBRegressor,,,,0,21,4.12,28,3.87,32,4.03,47,4.02,65,4.53,66,3.37,125,3.73
-0.009,-0.109,0.016,0.207,0.781,0.634,Mon Jul 23 16:41:00 2018,67_TPOT,1,2,4thbookrPCA,ignore,none,asis,ACEREBOUT,firstfullPCAs4bk,1,20,403,224,222,0.7943,1.002,genetic,2747,40,25,5,50,7,0.9,0.1,14,Normalizer,StackingExtraTreesRegressor,XGBRegressor,,,,0,21,4.12,28,3.87,32,4.03,47,4.02,65,4.53,66,3.37,125,3.73
-0.009,-0.109,0.016,0.207,0.781,0.634,Mon Jul 23 16:41:02 2018,67_TPOT,1,2,4thbookrPCA,ignore,none,asis,ACEREBOUT,firstfullPCAs4bk,1,20,403,224,222,0.7943,1.002,genetic,2749,40,25,5,50,7,0.9,0.1,15,Normalizer,StackingExtraTreesRegressor,XGBRegressor,,,,0,21,4.12,28,3.87,32,4.03,47,4.02,65,4.53,66,3.37,125,3.73
-0.009,-0.109,0.016,0.207,0.781,0.634,Mon Jul 23 16:41:03 2018,67_TPOT,1,2,4thbookrPCA,ignore,none,asis,ACEREBOUT,firstfullPCAs4bk,1,20,403,224,222,0.7943,1.002,genetic,2750,40,25,5,50,7,0.9,0.1,16,Normalizer,StackingExtraTreesRegressor,XGBRegressor,,,,0,21,4.12,28,3.87,32,4.03,47,4.02,65,4.53,66,3.37,125,3.73
-0.009,-0.109,0.016,0.207,0.781,0.634,Mon Jul 23 16:41:05 2018,67_TPOT,1,2,4thbookrPCA,ignore,none,asis,ACEREBOUT,firstfullPCAs4bk,1,20,403,224,222,0.7943,1.002,genetic,2752,40,25,5,50,7,0.9,0.1,17,Normalizer,StackingExtraTreesRegressor,XGBRegressor,,,,0,21,4.12,28,3.87,32,4.03,47,4.02,65,4.53,66,3.37,125,3.73
-0.009,-0.109,0.016,0.207,0.781,0.634,Mon Jul 23 16:41:07 2018,67_TPOT,1,2,4thbookrPCA,ignore,none,asis,ACEREBOUT,firstfullPCAs4bk,1,20,403,224,222,0.7943,1.002,genetic,2754,40,25,5,50,7,0.9,0.1,18,Normalizer,StackingExtraTreesRegressor,XGBRegressor,,,,0,21,4.12,28,3.87,32,4.03,47,4.02,65,4.53,66,3.37,125,3.73
-0.009,-0.109,0.016,0.207,0.781,0.634,Mon Jul 23 16:41:09 2018,67_TPOT,1,2,4thbookrPCA,ignore,none,asis,ACEREBOUT,firstfullPCAs4bk,1,20,403,224,222,0.7943,1.002,genetic,2756,40,25,5,50,7,0.9,0.1,19,Normalizer,StackingExtraTreesRegressor,XGBRegressor,,,,0,21,4.12,28,3.87,32,4.03,47,4.02,65,4.53,66,3.37,125,3.73
-0.036,-0.115,-0.005,0.343,0.798,0.637,Mon Jul 23 16:48:04 2018,147_TPOT,1,2,4thbookrPCA,ignore,none,asis,ACEREBOUT,firstfullPCAs4bk,1,20,403,624,222,0.7943,1.002,genetic,415,40,25,11,50,7,0.9,0.1,1,Normalizer,RandomForestRegressor,,,,,0,21,3.89,28,3.78,32,3.79,47,3.7,65,4.12,66,3.42,125,3.7
-0.036,-0.115,-0.005,0.343,0.798,0.637,Mon Jul 23 16:55:17 2018,147_TPOT,1,2,4thbookrPCA,ignore,none,asis,ACEREBOUT,firstfullPCAs4bk,1,20,403,624,222,0.7943,1.002,genetic,848,40,25,11,50,7,0.9,0.1,2,Normalizer,RandomForestRegressor,,,,,0,21,3.89,28,3.78,32,3.79,47,3.7,65,4.12,66,3.42,125,3.7
-0.08,-0.287,-0.152,0.621,0.915,0.736,Mon Jul 23 17:04:22 2018,147_TPOT,1,2,4thbookrPCA,ignore,none,asis,ACEREBOUT,firstfullPCAs4bk,1,20,403,624,222,0.7943,1.002,genetic,1393,40,25,11,50,7,0.9,0.1,3,Normalizer,RidgeCV,,,,,0,21,4.01,28,3.96,32,3.72,47,3.75,65,4.42,66,3.48,125,3.33
-0.08,-0.287,-0.152,0.621,0.915,0.736,Mon Jul 23 17:12:32 2018,147_TPOT,1,2,4thbookrPCA,ignore,none,asis,ACEREBOUT,firstfullPCAs4bk,1,20,403,624,222,0.7943,1.002,genetic,1883,40,25,11,50,7,0.9,0.1,4,Normalizer,RidgeCV,,,,,0,21,4.01,28,3.96,32,3.72,47,3.75,65,4.42,66,3.48,125,3.33
0.143,0.065,0.148,0.535,0.677,0.534,Mon Jul 23 17:22:05 2018,147_TPOT,1,2,4thbookrPCA,ignore,none,asis,ACEREBOUT,firstfullPCAs4bk,1,20,403,624,222,0.7943,1.002,genetic,2456,40,25,11,50,7,0.9,0.1,5,Normalizer,StackingXGBRegressor,RandomForestRegressor,,,,0,21,3.93,28,4.03,32,4,47,4.11,65,4.38,66,3.39,125,3.88
0.08,-0.023,0.066,0.559,0.742,0.585,Mon Jul 23 17:30:46 2018,147_TPOT,1,2,4thbookrPCA,ignore,none,asis,ACEREBOUT,firstfullPCAs4bk,1,20,403,624,222,0.7943,1.002,genetic,2978,40,25,11,50,7,0.9,0.1,6,Normalizer,StackingXGBRegressor,RandomForestRegressor,,,,0,21,3.95,28,3.98,32,4.01,47,3.99,65,4.37,66,3.48,125,3.75
0.08,-0.077,0.041,0.543,0.761,0.615,Mon Jul 23 17:39:11 2018,147_TPOT,1,2,4thbookrPCA,ignore,none,asis,ACEREBOUT,firstfullPCAs4bk,1,20,403,624,222,0.7943,1.002,genetic,3482,40,25,11,50,7,0.9,0.1,7,Normalizer,StackingRidgeCV,RandomForestRegressor,,,,0,21,3.87,28,4.06,32,3.88,47,4.03,65,4.42,66,3.48,125,3.61
0.223,-0.031,0.131,0.0185,0.69,0.589,Mon Jul 23 17:46:16 2018,147_TPOT,1,2,4thbookrPCA,ignore,none,asis,ACEREBOUT,firstfullPCAs4bk,1,20,403,624,222,0.7943,1.002,genetic,3907,40,25,11,50,7,0.9,0.1,8,Normalizer,StackingXGBRegressor,StackingElasticNetCV,RandomForestRegressor,,,0,21,3.69,28,3.98,32,4.22,47,4.11,65,4.56,66,3.57,125,3.83
0.321,-0.128,0.058,0,0.748,0.644,Mon Jul 23 17:53:07 2018,147_TPOT,1,2,4thbookrPCA,ignore,none,asis,ACEREBOUT,firstfullPCAs4bk,1,20,403,624,222,0.7943,1.002,genetic,4318,40,25,11,50,7,0.9,0.1,9,Normalizer,StackingExtraTreesRegressor,RandomForestRegressor,,,,0,21,3.81,28,3.34,32,3.88,47,3.85,65,4.5,66,3.17,125,3.9
0.036,-0.28,-0.077,0.312,0.856,0.731,Mon Jul 23 18:01:43 2018,147_TPOT,1,2,4thbookrPCA,ignore,none,asis,ACEREBOUT,firstfullPCAs4bk,1,20,403,624,222,0.7943,1.002,genetic,4834,40,25,11,50,7,0.9,0.1,10,Normalizer,StackingExtraTreesRegressor,MinMaxScaler,RandomForestRegressor,,,0,21,4.34,28,3.79,32,3.58,47,3.87,65,4.54,66,3.27,125,3.79
-0.009,-0.562,-0.258,0.501,0.999,0.893,Mon Jul 23 18:08:54 2018,147_TPOT,1,2,4thbookrPCA,ignore,none,asis,ACEREBOUT,firstfullPCAs4bk,1,20,403,624,222,0.7943,1.002,genetic,5265,40,25,11,50,7,0.9,0.1,11,Normalizer,StackingExtraTreesRegressor,RandomForestRegressor,,,,0,21,4.48,28,3.26,32,3.78,47,3.6,65,4.62,66,3.54,125,3.75
-0.036,-0.221,-0.052,0.464,0.836,0.698,Mon Jul 23 18:18:34 2018,147_TPOT,1,2,4thbookrPCA,ignore,none,asis,ACEREBOUT,firstfullPCAs4bk,1,20,403,624,222,0.7943,1.002,genetic,5845,40,25,11,50,7,0.9,0.1,12,Normalizer,StackingExtraTreesRegressor,RandomForestRegressor,,,,0,21,4.2,28,4.1,32,3.92,47,3.89,65,4.66,66,3.51,125,3.77
0,-0.302,-0.111,0.47,0.883,0.744,Mon Jul 23 18:28:06 2018,147_TPOT,1,2,4thbookrPCA,ignore,none,asis,ACEREBOUT,firstfullPCAs4bk,1,20,403,624,222,0.7943,1.002,genetic,6417,40,25,11,50,7,0.9,0.1,13,Normalizer,StackingExtraTreesRegressor,RandomForestRegressor,,,,0,21,4.46,28,3.79,32,3.83,47,3.7,65,4.63,66,3.48,125,4.03
-0.08,-0.369,-0.168,0.46,0.928,0.782,Mon Jul 23 18:36:00 2018,147_TPOT,1,2,4thbookrPCA,ignore,none,asis,ACEREBOUT,firstfullPCAs4bk,1,20,403,624,222,0.7943,1.002,genetic,6891,40,25,11,50,7,0.9,0.1,14,Normalizer,StackingExtraTreesRegressor,RandomForestRegressor,,,,0,21,4.38,28,3.7,32,4,47,3.96,65,4.65,66,3.66,125,3.55
1,1,1,-1,0,0,Mon Jul 23 18:41:46 2018,perfect,1,2,4thbookrPCA,ignore,none,asis,ACEREBOUT,firstfullPCAs4bk,1,20,403,168,222,0.7943,1.002,random,NA,nohyperparameters,1,20,no rep,no min,,,,,,,,,,0,21,3,28,4,32,4,47,5,65,4,66,3,125,5
0.143,-0.211,0.038,0.348,0.764,0.692,Mon Jul 23 18:51:43 2018,280_TPOT,1,2,4thbookrPCA,ignore,none,asis,ACEREBOUT,firstfullPCAs4bk,1,20,403,624,222,0.7943,1.002,genetic,594,40,25,21,50,7,0.9,0.1,1,StackingExtraTreesRegressor,RandomForestRegressor,,,,,0,21,3.74,28,3.41,32,3.43,47,3.83,65,4.14,66,3.55,125,3.92
0.143,-0.211,0.038,0.348,0.764,0.692,Mon Jul 23 19:01:50 2018,280_TPOT,1,2,4thbookrPCA,ignore,none,asis,ACEREBOUT,firstfullPCAs4bk,1,20,403,624,222,0.7943,1.002,genetic,1201,40,25,21,50,7,0.9,0.1,2,StackingExtraTreesRegressor,RandomForestRegressor,,,,,0,21,3.74,28,3.41,32,3.43,47,3.83,65,4.14,66,3.55,125,3.92
0.08,-0.148,0.026,0.308,0.773,0.656,Mon Jul 23 19:18:40 2018,280_TPOT,1,2,4thbookrPCA,ignore,none,asis,ACEREBOUT,firstfullPCAs4bk,1,20,403,624,222,0.7943,1.002,genetic,2210,40,25,21,50,7,0.9,0.1,3,StackingExtraTreesRegressor,RandomForestRegressor,,,,,0,21,3.78,28,3.6,32,3.45,47,3.49,65,4.36,66,3.16,125,4.16
-0.08,-0.363,-0.314,0.475,1.04,0.779,Mon Jul 23 19:37:03 2018,280_TPOT,1,2,4thbookrPCA,ignore,none,asis,ACEREBOUT,firstfullPCAs4bk,1,20,403,624,222,0.7943,1.002,genetic,3314,40,25,21,50,7,0.9,0.1,4,StackingExtraTreesRegressor,RandomForestRegressor,,,,,0,21,4.24,28,3.87,32,3.86,47,2.83,65,4.19,66,3.61,125,4.04
0.036,-0.213,-0.036,0.347,0.823,0.693,Mon Jul 23 19:57:54 2018,280_TPOT,1,2,4thbookrPCA,ignore,none,asis,ACEREBOUT,firstfullPCAs4bk,1,20,403,624,222,0.7943,1.002,genetic,4564,40,25,21,50,7,0.9,0.1,5,StackingExtraTreesRegressor,RandomForestRegressor,,,,,0,21,4.24,28,2.95,32,3.97,47,3.88,65,4.12,66,3.68,125,4.39
-0.036,-0.262,-0.08,0.36,0.858,0.721,Mon Jul 23 20:17:35 2018,280_TPOT,1,2,4thbookrPCA,ignore,none,asis,ACEREBOUT,firstfullPCAs4bk,1,20,403,624,222,0.7943,1.002,genetic,5746,40,25,21,50,7,0.9,0.1,6,StackingExtraTreesRegressor,RandomForestRegressor,,,,,0,21,4.31,28,3.72,32,3.88,47,3.78,65,4.28,66,3.72,125,3.88
-0.08,-0.529,-0.247,0.37,0.991,0.874,Mon Jul 23 20:41:46 2018,280_TPOT,1,2,4thbookrPCA,ignore,none,asis,ACEREBOUT,firstfullPCAs4bk,1,20,403,624,222,0.7943,1.002,genetic,7197,40,25,21,50,7,0.9,0.1,7,StackingExtraTreesRegressor,RandomForestRegressor,,,,,0,21,4.42,28,3.34,32,3.76,47,3.33,65,4.71,66,3.52,125,4.11
0.036,-0.134,0.02,0.371,0.779,0.648,Mon Jul 23 21:06:21 2018,280_TPOT,1,2,4thbookrPCA,ignore,none,asis,ACEREBOUT,firstfullPCAs4bk,1,20,403,624,222,0.7943,1.002,genetic,8672,40,25,21,50,7,0.9,0.1,8,MinMaxScaler,StackingExtraTreesRegressor,RandomForestRegressor,,,,0,21,4.36,28,3.63,32,3.72,47,3.82,65,4.41,66,3.17,125,4.24
