Succ, Wed Aug 02 16:37:25 2017, avNNet
Fail, Wed Aug 02 16:37:26 2017, bag
Succ, Wed Aug 02 16:39:17 2017, bagEarth
Succ, Wed Aug 02 16:39:31 2017, bagEarthGCV
Fail, Wed Aug 02 16:40:35 2017, bam
Fail, Wed Aug 02 16:40:36 2017, bartMachine
Succ, Wed Aug 02 16:40:39 2017, bayesglm
Succ, Wed Aug 02 16:47:01 2017, blackboost
Succ, Wed Aug 02 16:47:07 2017, blasso
Succ, Wed Aug 02 16:47:15 2017, blassoAveraged
Succ, Wed Aug 02 16:47:22 2017, bridge
Succ, Wed Aug 02 16:51:04 2017, BstLm
Succ, Wed Aug 02 16:58:23 2017, bstSm
Succ, Wed Aug 02 17:11:13 2017, bstTree
Succ, Wed Aug 02 17:11:30 2017, cforest
Succ, Wed Aug 02 17:11:35 2017, ctree
Succ, Wed Aug 02 17:11:48 2017, ctree2
Succ, Wed Aug 02 17:12:25 2017, cubist
Succ, Wed Aug 02 17:13:48 2017, DENFIS
Succ, Wed Aug 02 17:14:03 2017, dnn
Succ, Wed Aug 02 17:14:08 2017, earth
Succ, Wed Aug 02 17:14:16 2017, elm
Succ, Wed Aug 02 17:14:20 2017, enet
Succ, Wed Aug 02 17:17:31 2017, evtree
Fail, Wed Aug 02 17:17:33 2017, extraTrees
Succ, Wed Aug 02 17:17:42 2017, foba
Fail, Wed Aug 02 17:17:57 2017, gam
Succ, Wed Aug 02 17:19:17 2017, gamboost
Succ, Wed Aug 02 17:19:49 2017, gamSpline
Fail, Wed Aug 02 17:19:54 2017, gaussprLinear
Fail, Wed Aug 02 17:20:04 2017, gaussprPoly
Fail, Wed Aug 02 17:20:20 2017, gaussprRadial
Succ, Wed Aug 02 17:20:33 2017, gbm
Fail, Wed Aug 02 17:21:40 2017, gbm_h2o
Succ, Wed Aug 02 17:21:43 2017, gcvEarth
Succ, Wed Aug 02 17:21:46 2017, glm
Fail, Wed Aug 02 17:21:52 2017, glm.nb
Succ, Wed Aug 02 17:22:23 2017, glmboost
Succ, Wed Aug 02 17:22:35 2017, glmnet
Fail, Wed Aug 02 17:23:30 2017, glmnet_h2o
Succ, Wed Aug 02 17:23:34 2017, glmStepAIC
Succ, Wed Aug 02 17:23:56 2017, icr
Succ, Wed Aug 02 17:24:07 2017, kernelpls
Succ, Wed Aug 02 17:24:24 2017, kknn
Succ, Wed Aug 02 17:24:33 2017, knn
Succ, Wed Aug 02 17:24:40 2017, krlsPoly
Succ, Wed Aug 02 17:24:50 2017, krlsRadial
Succ, Wed Aug 02 17:24:55 2017, lars
Succ, Wed Aug 02 17:25:03 2017, lars2
Succ, Wed Aug 02 17:25:08 2017, lasso
Succ, Wed Aug 02 17:25:16 2017, leapBackward
Succ, Wed Aug 02 17:25:23 2017, leapForward
Succ, Wed Aug 02 17:25:31 2017, leapSeq
Succ, Wed Aug 02 17:25:34 2017, lm
Succ, Wed Aug 02 17:25:38 2017, lmStepAIC
Fail, Wed Aug 02 17:25:44 2017, logicBag
Fail, Wed Aug 02 17:25:49 2017, logreg
Fail, Wed Aug 02 17:25:50 2017, M5
Fail, Wed Aug 02 17:25:51 2017, M5Rules
Succ, Wed Aug 02 17:26:18 2017, msaenet
Succ, Wed Aug 02 17:28:42 2017, neuralnet
Succ, Wed Aug 02 17:28:52 2017, nnet
Fail, Wed Aug 02 17:28:55 2017, nnls
Fail, Wed Aug 02 17:28:56 2017, ordinalNet
Succ, Wed Aug 02 17:29:17 2017, parRF
Succ, Wed Aug 02 17:32:16 2017, partDSA
Succ, Wed Aug 02 17:32:27 2017, pcaNNet
Succ, Wed Aug 02 17:32:35 2017, pcr
Succ, Wed Aug 02 18:09:39 2017, avNNet
Fail, Wed Aug 02 18:09:42 2017, bag
Succ, Wed Aug 02 18:20:16 2017, bagEarth
Succ, Wed Aug 02 18:20:36 2017, bagEarthGCV
Fail, Wed Aug 02 18:22:05 2017, bam
Fail, Wed Aug 02 18:22:06 2017, bartMachine
Succ, Wed Aug 02 18:22:11 2017, bayesglm
Succ, Wed Aug 02 18:27:07 2017, blackboost
Fail, Wed Aug 02 18:27:36 2017, blasso
Fail, Wed Aug 02 18:27:53 2017, blassoAveraged
Fail, Wed Aug 02 18:28:06 2017, bridge
Succ, Wed Aug 02 18:31:46 2017, BstLm
Fail, Wed Aug 02 18:31:59 2017, bstSm
Succ, Wed Aug 02 18:48:52 2017, bstTree
Succ, Wed Aug 02 18:49:22 2017, cforest
Succ, Wed Aug 02 18:49:44 2017, ctree
Succ, Wed Aug 02 18:50:03 2017, ctree2
Succ, Wed Aug 02 18:52:04 2017, cubist
Fail, Wed Aug 02 18:52:13 2017, DENFIS
Succ, Wed Aug 02 18:52:29 2017, dnn
Succ, Wed Aug 02 18:52:38 2017, earth
Succ, Wed Aug 02 18:52:51 2017, elm
Fail, Wed Aug 02 18:53:00 2017, enet
Succ, Wed Aug 02 18:57:43 2017, evtree
Fail, Wed Aug 02 18:57:45 2017, extraTrees
Succ, Wed Aug 02 18:58:00 2017, foba
Fail, Wed Aug 02 18:58:23 2017, gam
Fail, Wed Aug 02 18:58:34 2017, gamboost
Succ, Wed Aug 02 18:59:15 2017, gamSpline
Fail, Wed Aug 02 18:59:21 2017, gaussprLinear
Fail, Wed Aug 02 18:59:36 2017, gaussprPoly
Fail, Wed Aug 02 19:00:03 2017, gaussprRadial
Succ, Wed Aug 02 19:00:21 2017, gbm
Fail, Wed Aug 02 19:01:45 2017, gbm_h2o
Succ, Wed Aug 02 19:01:50 2017, gcvEarth
Succ, Wed Aug 02 19:01:54 2017, glm
Fail, Wed Aug 02 19:02:06 2017, glm.nb
Succ, Wed Aug 02 19:02:50 2017, glmboost
Succ, Wed Aug 02 19:03:09 2017, glmnet
Fail, Wed Aug 02 19:04:30 2017, glmnet_h2o
Succ, Wed Aug 02 19:04:36 2017, glmStepAIC
Succ, Wed Aug 02 19:05:08 2017, icr
Succ, Wed Aug 02 19:05:23 2017, kernelpls
Succ, Wed Aug 02 19:05:51 2017, kknn
Succ, Wed Aug 02 19:06:05 2017, knn
Fail, Wed Aug 02 19:06:14 2017, krlsPoly
Fail, Wed Aug 02 19:06:25 2017, krlsRadial
Succ, Wed Aug 02 19:06:39 2017, lars
Succ, Wed Aug 02 19:06:48 2017, lars2
Fail, Wed Aug 02 19:06:55 2017, lasso
Succ, Wed Aug 02 19:07:10 2017, leapBackward
Succ, Wed Aug 02 19:07:26 2017, leapForward
Succ, Wed Aug 02 19:07:40 2017, leapSeq
Succ, Wed Aug 02 19:07:45 2017, lm
Succ, Wed Aug 02 19:07:50 2017, lmStepAIC
Fail, Wed Aug 02 19:08:01 2017, logicBag
Fail, Wed Aug 02 19:08:11 2017, logreg
Fail, Wed Aug 02 19:08:13 2017, M5
Fail, Wed Aug 02 19:08:14 2017, M5Rules
Fail, Wed Aug 02 19:08:36 2017, msaenet
Succ, Wed Aug 02 19:09:29 2017, neuralnet
Succ, Wed Aug 02 19:09:49 2017, nnet
Fail, Wed Aug 02 19:09:54 2017, nnls
Fail, Wed Aug 02 19:09:55 2017, ordinalNet
Succ, Wed Aug 02 19:10:25 2017, parRF
Succ, Wed Aug 02 19:15:40 2017, partDSA
Succ, Wed Aug 02 19:15:59 2017, pcaNNet
Succ, Wed Aug 02 19:16:16 2017, pcr
Fail, Wed Aug 02 19:20:54 2017, penalized
Fail, Wed Aug 02 19:21:32 2017, plsRglm
Succ, Wed Aug 02 19:21:38 2017, ppr
Succ, Wed Aug 02 19:22:39 2017, qrf
Fail, Wed Aug 02 19:22:50 2017, qrnn
Fail, Wed Aug 02 19:22:52 2017, randomGLM
Succ, Wed Aug 02 19:23:12 2017, ranger
Succ, Wed Aug 02 19:25:23 2017, Rborist
Succ, Wed Aug 02 19:25:40 2017, relaxo
Succ, Wed Aug 02 19:26:10 2017, rf
Fail, Wed Aug 02 19:26:19 2017, ridge
Fail, Wed Aug 02 19:26:28 2017, rlm
Succ, Wed Aug 02 19:26:33 2017, rpart
Succ, Wed Aug 02 19:26:37 2017, rpart1SE
Succ, Wed Aug 02 19:26:42 2017, rpart2
Fail, Wed Aug 02 19:26:44 2017, rqlasso
Fail, Wed Aug 02 19:26:46 2017, rqnc
Succ, Wed Aug 02 19:28:04 2017, RRF
Succ, Wed Aug 02 19:28:47 2017, RRFglobal
Fail, Wed Aug 02 19:28:53 2017, rvmLinear
Fail, Wed Aug 02 19:29:40 2017, rvmPoly
Fail, Wed Aug 02 19:30:10 2017, rvmRadial
Fail, Wed Aug 02 19:30:20 2017, SBC
Succ, Wed Aug 02 19:30:33 2017, simpls
Fail, Wed Aug 02 19:32:44 2017, spikeslab
Fail, Wed Aug 02 19:32:56 2017, spls
Fail, Wed Aug 02 19:33:06 2017, superpc
Fail, Wed Aug 02 19:33:08 2017, svmBoundrangeString
Fail, Wed Aug 02 19:33:09 2017, svmExpoString
Succ, Wed Aug 02 19:33:32 2017, svmLinear
Succ, Wed Aug 02 19:33:54 2017, svmLinear2
Succ, Wed Aug 02 19:34:14 2017, svmLinear3
Succ, Wed Aug 02 19:34:33 2017, svmPoly
Succ, Wed Aug 02 19:34:54 2017, svmRadial
Succ, Wed Aug 02 19:35:19 2017, svmRadialCost
Succ, Wed Aug 02 19:35:39 2017, svmRadialSigma
Fail, Wed Aug 02 19:35:41 2017, svmSpectrumString
Succ, Wed Aug 02 19:35:58 2017, treebag
Succ, Wed Aug 02 19:36:17 2017, widekernelpls
Fail, Wed Aug 02 19:37:21 2017, WM
Succ, Wed Aug 02 19:37:53 2017, xgbLinear
Succ, Wed Aug 02 19:39:03 2017, xgbTree
Fail, Wed Aug 02 19:39:19 2017, xyf
Succ, Wed Aug 02 19:39:57 2017, avNNet
Fail, Wed Aug 02 19:40:02 2017, bag
Succ, Wed Aug 02 19:42:41 2017, bagEarth
Succ, Wed Aug 02 19:43:14 2017, bagEarthGCV
Fail, Wed Aug 02 19:43:25 2017, bam
Fail, Wed Aug 02 19:43:27 2017, bartMachine
Succ, Wed Aug 02 19:43:32 2017, bayesglm
Fail, Wed Aug 02 19:43:49 2017, blackboost
Fail, Wed Aug 02 19:44:18 2017, blasso
Fail, Wed Aug 02 19:44:35 2017, blassoAveraged
Fail, Wed Aug 02 19:44:52 2017, bridge
Succ, Wed Aug 02 19:48:54 2017, BstLm
Fail, Wed Aug 02 19:49:17 2017, bstSm
Succ, Wed Aug 02 20:17:13 2017, bstTree
Succ, Wed Aug 02 20:18:04 2017, cforest
Succ, Wed Aug 02 20:18:38 2017, ctree
Succ, Wed Aug 02 20:18:48 2017, ctree2
Succ, Wed Aug 02 20:20:36 2017, cubist
Fail, Wed Aug 02 20:20:48 2017, DENFIS
Succ, Wed Aug 02 20:21:12 2017, dnn
Succ, Wed Aug 02 20:21:24 2017, earth
Succ, Wed Aug 02 20:21:37 2017, elm
Fail, Wed Aug 02 20:21:50 2017, enet
Succ, Wed Aug 02 20:27:23 2017, evtree
Fail, Wed Aug 02 20:27:25 2017, extraTrees
Succ, Wed Aug 02 20:27:44 2017, foba
Fail, Wed Aug 02 20:27:57 2017, gam
Fail, Wed Aug 02 20:28:10 2017, gamboost
Succ, Wed Aug 02 20:29:02 2017, gamSpline
Fail, Wed Aug 02 20:29:08 2017, gaussprLinear
Fail, Wed Aug 02 20:29:26 2017, gaussprPoly
Fail, Wed Aug 02 20:29:48 2017, gaussprRadial
Succ, Wed Aug 02 20:30:02 2017, gbm
Fail, Wed Aug 02 20:31:42 2017, gbm_h2o
Succ, Wed Aug 02 20:31:49 2017, gcvEarth
Succ, Wed Aug 02 20:31:54 2017, glm
Fail, Wed Aug 02 20:32:04 2017, glm.nb
Succ, Wed Aug 02 20:33:04 2017, glmboost
Succ, Wed Aug 02 20:33:15 2017, glmnet
Fail, Wed Aug 02 20:34:52 2017, glmnet_h2o
Succ, Wed Aug 02 20:34:58 2017, glmStepAIC
Succ, Wed Aug 02 20:35:32 2017, icr
Succ, Wed Aug 02 20:35:49 2017, kernelpls
Succ, Wed Aug 02 20:36:27 2017, kknn
Succ, Wed Aug 02 20:36:42 2017, knn
Fail, Wed Aug 02 20:36:52 2017, krlsPoly
Fail, Wed Aug 02 20:37:03 2017, krlsRadial
Succ, Wed Aug 02 20:37:18 2017, lars
Succ, Wed Aug 02 20:37:31 2017, lars2
Fail, Wed Aug 02 20:37:39 2017, lasso
Succ, Wed Aug 02 20:37:51 2017, leapBackward
Succ, Wed Aug 02 20:38:06 2017, leapForward
Succ, Wed Aug 02 20:38:19 2017, leapSeq
Succ, Wed Aug 02 20:38:24 2017, lm
Succ, Wed Aug 02 20:38:30 2017, lmStepAIC
Fail, Wed Aug 02 20:38:39 2017, logicBag
Fail, Wed Aug 02 20:38:49 2017, logreg
Fail, Wed Aug 02 20:38:51 2017, M5
Fail, Wed Aug 02 20:38:53 2017, M5Rules
Succ, Wed Aug 02 20:39:26 2017, msaenet
Succ, Wed Aug 02 20:42:14 2017, neuralnet
Succ, Wed Aug 02 20:42:36 2017, nnet
Fail, Wed Aug 02 20:42:39 2017, nnls
Fail, Wed Aug 02 20:42:41 2017, ordinalNet
Succ, Wed Aug 02 20:43:20 2017, parRF
Succ, Wed Aug 02 20:49:36 2017, partDSA
Succ, Wed Aug 02 20:49:57 2017, pcaNNet
Succ, Wed Aug 02 20:50:11 2017, pcr
Fail, Wed Aug 02 21:22:44 2017, penalized
Fail, Wed Aug 02 21:23:06 2017, plsRglm
Succ, Wed Aug 02 21:23:29 2017, ppr
Succ, Wed Aug 02 21:24:20 2017, qrf
Fail, Wed Aug 02 21:24:33 2017, qrnn
Fail, Wed Aug 02 21:24:35 2017, randomGLM
Succ, Wed Aug 02 21:24:57 2017, ranger
Succ, Wed Aug 02 21:28:19 2017, Rborist
Succ, Wed Aug 02 21:28:29 2017, relaxo
Succ, Wed Aug 02 21:29:02 2017, rf
Fail, Wed Aug 02 21:29:12 2017, ridge
Fail, Wed Aug 02 21:29:22 2017, rlm
Succ, Wed Aug 02 21:29:31 2017, rpart
Succ, Wed Aug 02 21:29:35 2017, rpart1SE
Succ, Wed Aug 02 21:29:50 2017, rpart2
Fail, Wed Aug 02 21:29:52 2017, rqlasso
Fail, Wed Aug 02 21:29:54 2017, rqnc
Succ, Wed Aug 02 21:31:17 2017, RRF
Succ, Wed Aug 02 21:32:01 2017, RRFglobal
Fail, Wed Aug 02 21:32:06 2017, rvmLinear
Fail, Wed Aug 02 21:32:36 2017, rvmPoly
Fail, Wed Aug 02 21:33:04 2017, rvmRadial
Fail, Wed Aug 02 21:33:13 2017, SBC
Succ, Wed Aug 02 21:33:25 2017, simpls
Fail, Wed Aug 02 22:29:48 2017, spikeslab
Fail, Wed Aug 02 22:30:03 2017, spls
Fail, Wed Aug 02 22:30:16 2017, superpc
Fail, Wed Aug 02 22:30:29 2017, svmBoundrangeString
Fail, Wed Aug 02 22:30:40 2017, svmExpoString
Succ, Wed Aug 02 22:30:56 2017, svmLinear
Succ, Wed Aug 02 22:31:19 2017, svmLinear2
Succ, Wed Aug 02 22:31:38 2017, svmLinear3
Succ, Wed Aug 02 22:31:52 2017, svmPoly
Succ, Wed Aug 02 22:32:09 2017, svmRadial
Succ, Wed Aug 02 22:32:33 2017, svmRadialCost
Succ, Wed Aug 02 22:32:50 2017, svmRadialSigma
Fail, Wed Aug 02 22:33:02 2017, svmSpectrumString
Fail, Wed Aug 02 22:33:20 2017, treebag
Succ, Wed Aug 02 22:33:40 2017, widekernelpls
Fail, Wed Aug 02 22:34:24 2017, WM
Succ, Wed Aug 02 22:35:02 2017, xgbLinear
Succ, Wed Aug 02 22:36:32 2017, xgbTree
Fail, Wed Aug 02 22:36:50 2017, xyf
Succ, Wed Aug 02 22:38:07 2017, avNNet
Fail, Wed Aug 02 22:38:11 2017, bag
Succ, Wed Aug 02 22:39:33 2017, bagEarth
Fail, Wed Aug 02 22:39:53 2017, bagEarthGCV
Fail, Wed Aug 02 22:41:25 2017, bam
Fail, Wed Aug 02 22:41:28 2017, bartMachine
Fail, Wed Aug 02 22:41:33 2017, bayesglm
Succ, Wed Aug 02 22:46:14 2017, blackboost
Fail, Wed Aug 02 22:47:10 2017, blasso
Fail, Wed Aug 02 22:47:45 2017, blassoAveraged
Fail, Wed Aug 02 22:48:18 2017, bridge
Succ, Wed Aug 02 22:50:16 2017, BstLm
Fail, Wed Aug 02 22:50:29 2017, bstSm
Succ, Wed Aug 02 23:04:21 2017, bstTree
Succ, Wed Aug 02 23:04:49 2017, cforest
Succ, Wed Aug 02 23:05:11 2017, ctree
Succ, Wed Aug 02 23:05:30 2017, ctree2
Succ, Wed Aug 02 23:06:43 2017, cubist
Fail, Wed Aug 02 23:06:51 2017, DENFIS
Succ, Wed Aug 02 23:07:07 2017, dnn
Succ, Wed Aug 02 23:07:14 2017, earth
Succ, Wed Aug 02 23:07:19 2017, elm
Fail, Wed Aug 02 23:07:28 2017, enet
Succ, Wed Aug 02 23:10:29 2017, evtree
Fail, Wed Aug 02 23:10:32 2017, extraTrees
Succ, Wed Aug 02 23:10:40 2017, foba
Fail, Wed Aug 02 23:10:59 2017, gam
Fail, Wed Aug 02 23:11:09 2017, gamboost
Succ, Wed Aug 02 23:11:49 2017, gamSpline
Fail, Wed Aug 02 23:11:54 2017, gaussprLinear
Fail, Wed Aug 02 23:12:06 2017, gaussprPoly
Fail, Wed Aug 02 23:12:20 2017, gaussprRadial
Succ, Wed Aug 02 23:12:38 2017, gbm
Fail, Wed Aug 02 23:13:44 2017, gbm_h2o
Fail, Wed Aug 02 23:13:50 2017, gcvEarth
Fail, Wed Aug 02 23:13:55 2017, glm
Fail, Wed Aug 02 23:14:04 2017, glm.nb
Succ, Wed Aug 02 23:14:23 2017, glmboost
Succ, Wed Aug 02 23:14:38 2017, glmnet
Fail, Wed Aug 02 23:15:41 2017, glmnet_h2o
Fail, Wed Aug 02 23:15:46 2017, glmStepAIC
Succ, Wed Aug 02 23:15:56 2017, icr
Succ, Wed Aug 02 23:16:01 2017, kernelpls
Succ, Wed Aug 02 23:16:18 2017, kknn
Succ, Wed Aug 02 23:16:31 2017, knn
Fail, Wed Aug 02 23:16:40 2017, krlsPoly
Fail, Wed Aug 02 23:16:50 2017, krlsRadial
Succ, Wed Aug 02 23:16:58 2017, lars
Succ, Wed Aug 02 23:17:09 2017, lars2
Fail, Wed Aug 02 23:17:17 2017, lasso
Succ, Wed Aug 02 23:17:24 2017, leapBackward
Succ, Wed Aug 02 23:17:32 2017, leapForward
Succ, Wed Aug 02 23:17:42 2017, leapSeq
Fail, Wed Aug 02 23:17:49 2017, lm
Fail, Wed Aug 02 23:17:55 2017, lmStepAIC
Fail, Wed Aug 02 23:18:08 2017, logicBag
Fail, Wed Aug 02 23:18:20 2017, logreg
Fail, Wed Aug 02 23:18:23 2017, M5
Fail, Wed Aug 02 23:18:27 2017, M5Rules
Succ, Wed Aug 02 23:19:04 2017, msaenet
Fail, Wed Aug 02 23:27:39 2017, plsRglm
Succ, Wed Aug 02 23:27:57 2017, ppr
Succ, Wed Aug 02 23:29:06 2017, qrf
Fail, Wed Aug 02 23:29:26 2017, qrnn
Fail, Wed Aug 02 23:29:36 2017, randomGLM
Succ, Wed Aug 02 23:29:59 2017, ranger
Succ, Wed Aug 02 23:32:29 2017, Rborist
Succ, Wed Aug 02 23:33:03 2017, relaxo
Succ, Wed Aug 02 23:33:40 2017, rf
Fail, Wed Aug 02 23:33:52 2017, ridge
Fail, Wed Aug 02 23:34:04 2017, rlm
Succ, Wed Aug 02 23:34:17 2017, rpart
Fail, Wed Aug 02 23:34:26 2017, rpart1SE
Succ, Wed Aug 02 23:34:44 2017, rpart2
Fail, Wed Aug 02 23:34:52 2017, rqlasso
Fail, Wed Aug 02 23:34:59 2017, rqnc
Fail, Wed Aug 02 23:36:39 2017, RRF
Succ, Wed Aug 02 23:37:16 2017, RRFglobal
Fail, Wed Aug 02 23:37:27 2017, rvmLinear
Fail, Wed Aug 02 23:38:24 2017, rvmPoly
Fail, Wed Aug 02 23:39:07 2017, rvmRadial
Fail, Wed Aug 02 23:39:26 2017, SBC
Succ, Wed Aug 02 23:39:49 2017, simpls
Fail, Wed Aug 02 23:41:57 2017, spikeslab
Fail, Wed Aug 02 23:42:11 2017, spls
Fail, Wed Aug 02 23:42:25 2017, superpc
Fail, Wed Aug 02 23:42:33 2017, svmBoundrangeString
Fail, Wed Aug 02 23:42:41 2017, svmExpoString
Succ, Wed Aug 02 23:43:04 2017, svmLinear
Succ, Wed Aug 02 23:43:27 2017, svmLinear2
Succ, Wed Aug 02 23:43:46 2017, svmLinear3
Succ, Wed Aug 02 23:44:04 2017, svmPoly
Succ, Wed Aug 02 23:44:14 2017, svmRadial
Succ, Wed Aug 02 23:44:34 2017, svmRadialCost
Succ, Wed Aug 02 23:44:50 2017, svmRadialSigma
Fail, Wed Aug 02 23:44:56 2017, svmSpectrumString
Fail, Wed Aug 02 23:45:10 2017, treebag
Succ, Wed Aug 02 23:45:27 2017, widekernelpls
Fail, Wed Aug 02 23:45:57 2017, WM
Succ, Wed Aug 02 23:46:23 2017, xgbLinear
Succ, Wed Aug 02 23:48:07 2017, xgbTree
Fail, Wed Aug 02 23:48:23 2017, xyf
Succ, Wed Aug 02 23:49:23 2017, avNNet
Fail, Wed Aug 02 23:49:26 2017, bag
Succ, Wed Aug 02 23:53:21 2017, bagEarth
Fail, Wed Aug 02 23:53:42 2017, bagEarthGCV
Fail, Wed Aug 02 23:53:51 2017, bam
Fail, Wed Aug 02 23:53:52 2017, bartMachine
Fail, Wed Aug 02 23:53:57 2017, bayesglm
Fail, Wed Aug 02 23:54:12 2017, blackboost
Fail, Wed Aug 02 23:54:36 2017, blasso
Fail, Wed Aug 02 23:54:49 2017, blassoAveraged
Fail, Wed Aug 02 23:55:01 2017, bridge
Succ, Thu Aug 03 00:04:43 2017, BstLm
Fail, Thu Aug 03 00:05:00 2017, bstSm
Succ, Thu Aug 03 00:14:46 2017, bstTree
Succ, Thu Aug 03 00:15:21 2017, cforest
Succ, Thu Aug 03 00:15:30 2017, ctree
Succ, Thu Aug 03 00:15:50 2017, ctree2
Succ, Thu Aug 03 00:16:56 2017, cubist
Fail, Thu Aug 03 00:17:06 2017, DENFIS
Succ, Thu Aug 03 00:17:26 2017, dnn
Succ, Thu Aug 03 00:17:44 2017, earth
Succ, Thu Aug 03 00:18:00 2017, elm
Fail, Thu Aug 03 00:18:10 2017, enet
Succ, Thu Aug 03 00:23:06 2017, evtree
Fail, Thu Aug 03 00:23:07 2017, extraTrees
Succ, Thu Aug 03 00:23:23 2017, foba
Fail, Thu Aug 03 00:23:30 2017, gam
Fail, Thu Aug 03 08:30:54 2017, gamboost
Succ, Thu Aug 03 08:31:13 2017, gamSpline
Fail, Thu Aug 03 08:31:16 2017, gaussprLinear
Fail, Thu Aug 03 08:31:41 2017, gaussprPoly
Fail, Thu Aug 03 08:32:10 2017, gaussprRadial
Succ, Thu Aug 03 08:32:23 2017, gbm
Fail, Thu Aug 03 08:33:37 2017, gbm_h2o
Fail, Thu Aug 03 08:33:41 2017, gcvEarth
Fail, Thu Aug 03 08:33:43 2017, glm
Fail, Thu Aug 03 08:33:50 2017, glm.nb
Succ, Thu Aug 03 08:34:03 2017, glmboost
Succ, Thu Aug 03 08:34:23 2017, glmnet
Fail, Thu Aug 03 08:35:40 2017, glmnet_h2o
Fail, Thu Aug 03 08:35:45 2017, glmStepAIC
Succ, Thu Aug 03 08:36:05 2017, icr
Succ, Thu Aug 03 08:36:18 2017, kernelpls
Succ, Thu Aug 03 08:36:38 2017, kknn
Succ, Thu Aug 03 08:36:46 2017, knn
Fail, Thu Aug 03 08:36:54 2017, krlsPoly
Fail, Thu Aug 03 08:37:02 2017, krlsRadial
Succ, Thu Aug 03 08:37:15 2017, lars
Succ, Thu Aug 03 08:37:28 2017, lars2
Fail, Thu Aug 03 08:37:34 2017, lasso
Succ, Thu Aug 03 08:37:46 2017, leapBackward
Succ, Thu Aug 03 08:37:53 2017, leapForward
Succ, Thu Aug 03 08:38:04 2017, leapSeq
Fail, Thu Aug 03 08:38:07 2017, lm
Fail, Thu Aug 03 08:38:12 2017, lmStepAIC
Fail, Thu Aug 03 08:38:20 2017, logicBag
Fail, Thu Aug 03 08:38:29 2017, logreg
Fail, Thu Aug 03 08:38:29 2017, M5
Fail, Thu Aug 03 08:38:30 2017, M5Rules
Fail, Thu Aug 03 08:39:06 2017, msaenet
Fail, Thu Aug 03 08:52:32 2017, neuralnet
Succ, Thu Aug 03 08:52:54 2017, nnet
Fail, Thu Aug 03 08:52:56 2017, nnls
Fail, Thu Aug 03 08:52:57 2017, ordinalNet
Succ, Thu Aug 03 08:53:29 2017, parRF
Succ, Thu Aug 03 09:00:01 2017, partDSA
Succ, Thu Aug 03 09:00:19 2017, pcaNNet
Succ, Thu Aug 03 09:00:36 2017, pcr
Fail, Thu Aug 03 09:01:28 2017, plsRglm
Succ, Thu Aug 03 09:01:50 2017, ppr
Succ, Thu Aug 03 09:03:33 2017, qrf
Fail, Thu Aug 03 09:03:45 2017, qrnn
Fail, Thu Aug 03 09:03:46 2017, randomGLM
Succ, Thu Aug 03 09:04:09 2017, ranger
Succ, Thu Aug 03 09:08:40 2017, Rborist
Succ, Thu Aug 03 09:08:48 2017, relaxo
Succ, Thu Aug 03 09:09:27 2017, rf
Fail, Thu Aug 03 09:09:38 2017, ridge
Fail, Thu Aug 03 09:09:49 2017, rlm
Succ, Thu Aug 03 09:10:03 2017, rpart
Fail, Thu Aug 03 09:10:07 2017, rpart1SE
Succ, Thu Aug 03 09:10:25 2017, rpart2
Fail, Thu Aug 03 09:10:26 2017, rqlasso
Fail, Thu Aug 03 09:10:27 2017, rqnc
Succ, Thu Aug 03 09:11:08 2017, RRF
Succ, Thu Aug 03 09:12:26 2017, RRFglobal
Fail, Thu Aug 03 09:12:32 2017, rvmLinear
Fail, Thu Aug 03 09:13:47 2017, rvmPoly
Fail, Thu Aug 03 09:14:45 2017, rvmRadial
Fail, Thu Aug 03 09:14:59 2017, SBC
Succ, Thu Aug 03 09:15:17 2017, simpls
Fail, Thu Aug 03 09:18:06 2017, spikeslab
Fail, Thu Aug 03 09:18:18 2017, spls
Fail, Thu Aug 03 09:18:27 2017, superpc
Fail, Thu Aug 03 09:18:27 2017, svmBoundrangeString
Fail, Thu Aug 03 09:18:28 2017, svmExpoString
Succ, Thu Aug 03 09:20:28 2017, svmLinear
Succ, Thu Aug 03 09:23:45 2017, svmLinear2
Succ, Thu Aug 03 09:24:14 2017, svmLinear3
Succ, Thu Aug 03 09:24:49 2017, svmPoly
Succ, Thu Aug 03 09:25:15 2017, svmRadial
Succ, Thu Aug 03 09:25:37 2017, svmRadialCost
Succ, Thu Aug 03 09:26:04 2017, svmRadialSigma
Fail, Thu Aug 03 09:26:04 2017, svmSpectrumString
Fail, Thu Aug 03 09:26:18 2017, treebag
Succ, Thu Aug 03 09:26:39 2017, widekernelpls
Fail, Thu Aug 03 09:27:54 2017, WM
Succ, Thu Aug 03 09:28:32 2017, xgbLinear
Succ, Thu Aug 03 09:32:22 2017, xgbTree
Fail, Thu Aug 03 09:32:37 2017, xyf
Succ, Thu Aug 03 09:33:37 2017, avNNet
Fail, Thu Aug 03 09:33:40 2017, bag
Succ, Thu Aug 03 09:36:07 2017, bagEarth
Fail, Thu Aug 03 09:36:46 2017, bagEarthGCV
Fail, Thu Aug 03 09:36:57 2017, bam
Fail, Thu Aug 03 09:36:58 2017, bartMachine
Fail, Thu Aug 03 09:37:03 2017, bayesglm
Fail, Thu Aug 03 09:37:23 2017, blackboost
Fail, Thu Aug 03 09:37:47 2017, blasso
Fail, Thu Aug 03 09:38:02 2017, blassoAveraged
Fail, Thu Aug 03 09:38:16 2017, bridge
Succ, Thu Aug 03 09:41:50 2017, BstLm
Fail, Thu Aug 03 09:42:11 2017, bstSm
Succ, Thu Aug 03 10:02:47 2017, bstTree
Succ, Thu Aug 03 10:03:02 2017, cforest
Succ, Thu Aug 03 10:03:30 2017, ctree
Succ, Thu Aug 03 10:04:00 2017, ctree2
Succ, Thu Aug 03 10:11:18 2017, cubist
Fail, Thu Aug 03 10:11:26 2017, DENFIS
Succ, Thu Aug 03 10:11:41 2017, dnn
Succ, Thu Aug 03 10:11:46 2017, earth
Succ, Thu Aug 03 10:11:58 2017, elm
Fail, Thu Aug 03 10:12:05 2017, enet
Succ, Thu Aug 03 10:15:22 2017, evtree
Fail, Thu Aug 03 10:15:23 2017, extraTrees
Succ, Thu Aug 03 10:15:27 2017, foba
Fail, Thu Aug 03 10:15:32 2017, gam
Fail, Thu Aug 03 10:15:38 2017, gamboost
Succ, Thu Aug 03 10:15:53 2017, gamSpline
Fail, Thu Aug 03 10:15:55 2017, gaussprLinear
Fail, Thu Aug 03 10:16:05 2017, gaussprPoly
Fail, Thu Aug 03 10:16:21 2017, gaussprRadial
Succ, Thu Aug 03 10:16:40 2017, gbm
Fail, Thu Aug 03 10:17:33 2017, gbm_h2o
Fail, Thu Aug 03 10:17:36 2017, gcvEarth
Fail, Thu Aug 03 10:17:38 2017, glm
Fail, Thu Aug 03 10:17:47 2017, glm.nb
Succ, Thu Aug 03 10:17:59 2017, glmboost
Succ, Thu Aug 03 10:18:08 2017, glmnet
Fail, Thu Aug 03 10:19:00 2017, glmnet_h2o
Fail, Thu Aug 03 10:19:06 2017, glmStepAIC
Succ, Thu Aug 03 10:19:24 2017, icr
Succ, Thu Aug 03 10:19:30 2017, kernelpls
Succ, Thu Aug 03 10:19:45 2017, kknn
Succ, Thu Aug 03 10:19:50 2017, knn
Fail, Thu Aug 03 10:19:56 2017, krlsPoly
Fail, Thu Aug 03 10:20:02 2017, krlsRadial
Succ, Thu Aug 03 10:20:09 2017, lars
Succ, Thu Aug 03 10:20:17 2017, lars2
Fail, Thu Aug 03 10:20:22 2017, lasso
Succ, Thu Aug 03 10:20:30 2017, leapBackward
Succ, Thu Aug 03 10:20:35 2017, leapForward
Succ, Thu Aug 03 10:20:42 2017, leapSeq
Fail, Thu Aug 03 10:20:44 2017, lm
Fail, Thu Aug 03 10:20:49 2017, lmStepAIC
Fail, Thu Aug 03 10:20:54 2017, logicBag
Fail, Thu Aug 03 10:21:00 2017, logreg
Fail, Thu Aug 03 10:21:01 2017, M5
Fail, Thu Aug 03 10:21:01 2017, M5Rules
Succ, Thu Aug 03 10:21:36 2017, msaenet
Succ, Thu Aug 03 10:23:43 2017, neuralnet
Succ, Thu Aug 03 10:23:51 2017, nnet
Fail, Thu Aug 03 10:23:53 2017, nnls
Fail, Thu Aug 03 10:23:53 2017, ordinalNet
Succ, Thu Aug 03 10:24:00 2017, parRF
Succ, Thu Aug 03 10:28:26 2017, partDSA
Succ, Thu Aug 03 10:28:38 2017, pcaNNet
Succ, Thu Aug 03 10:28:46 2017, pcr
Fail, Thu Aug 03 10:29:06 2017, plsRglm
Succ, Thu Aug 03 10:29:13 2017, ppr
Succ, Thu Aug 03 10:29:36 2017, qrf
Fail, Thu Aug 03 10:29:44 2017, qrnn
Fail, Thu Aug 03 10:29:45 2017, randomGLM
Succ, Thu Aug 03 10:29:50 2017, ranger
Succ, Thu Aug 03 10:30:45 2017, Rborist
Succ, Thu Aug 03 10:30:57 2017, relaxo
Succ, Thu Aug 03 10:31:03 2017, rf
Fail, Thu Aug 03 10:31:08 2017, ridge
Fail, Thu Aug 03 10:31:14 2017, rlm
Succ, Thu Aug 03 10:31:22 2017, rpart
Fail, Thu Aug 03 10:31:25 2017, rpart1SE
Succ, Thu Aug 03 10:31:32 2017, rpart2
Fail, Thu Aug 03 10:31:33 2017, rqlasso
Fail, Thu Aug 03 10:31:34 2017, rqnc
Succ, Thu Aug 03 10:32:15 2017, RRF
Succ, Thu Aug 03 10:32:26 2017, RRFglobal
Fail, Thu Aug 03 10:32:29 2017, rvmLinear
Fail, Thu Aug 03 10:32:47 2017, rvmPoly
Fail, Thu Aug 03 10:33:08 2017, rvmRadial
Fail, Thu Aug 03 10:33:14 2017, SBC
Succ, Thu Aug 03 10:33:22 2017, simpls
Fail, Thu Aug 03 10:34:33 2017, spikeslab
Fail, Thu Aug 03 10:34:38 2017, spls
Fail, Thu Aug 03 10:34:43 2017, superpc
Fail, Thu Aug 03 10:34:43 2017, svmBoundrangeString
Fail, Thu Aug 03 10:34:44 2017, svmExpoString
Succ, Thu Aug 03 10:35:18 2017, svmLinear
Succ, Thu Aug 03 10:35:38 2017, svmLinear2
Succ, Thu Aug 03 10:35:50 2017, svmLinear3
Succ, Thu Aug 03 10:35:57 2017, svmPoly
Succ, Thu Aug 03 10:36:02 2017, svmRadial
Succ, Thu Aug 03 10:36:12 2017, svmRadialCost
Succ, Thu Aug 03 10:36:17 2017, svmRadialSigma
Fail, Thu Aug 03 10:36:18 2017, svmSpectrumString
Fail, Thu Aug 03 10:36:25 2017, treebag
Succ, Thu Aug 03 10:36:31 2017, widekernelpls
Fail, Thu Aug 03 10:37:00 2017, WM
Succ, Thu Aug 03 10:37:34 2017, xgbLinear
Succ, Thu Aug 03 10:38:55 2017, xgbTree
Fail, Thu Aug 03 10:39:02 2017, xyf
Succ, Thu Aug 03 10:39:46 2017, avNNet
Fail, Thu Aug 03 10:39:48 2017, bag
Succ, Thu Aug 03 10:40:41 2017, bagEarth
Fail, Thu Aug 03 10:40:56 2017, bagEarthGCV
Fail, Thu Aug 03 10:41:01 2017, bam
Fail, Thu Aug 03 10:41:02 2017, bartMachine
Fail, Thu Aug 03 10:41:05 2017, bayesglm
Fail, Thu Aug 03 10:41:14 2017, blackboost
Fail, Thu Aug 03 10:41:26 2017, blasso
Fail, Thu Aug 03 10:41:34 2017, blassoAveraged
Fail, Thu Aug 03 10:41:40 2017, bridge
Succ, Thu Aug 03 10:43:10 2017, BstLm
Fail, Thu Aug 03 10:43:19 2017, bstSm
Succ, Thu Aug 03 10:50:18 2017, bstTree
Succ, Thu Aug 03 10:50:23 2017, cforest
Succ, Thu Aug 03 10:50:42 2017, ctree
Succ, Thu Aug 03 10:50:58 2017, ctree2
Succ, Thu Aug 03 10:51:29 2017, cubist
Fail, Thu Aug 03 10:51:35 2017, DENFIS
Succ, Thu Aug 03 10:51:44 2017, dnn
Succ, Thu Aug 03 10:51:52 2017, earth
Succ, Thu Aug 03 10:51:56 2017, elm
Fail, Thu Aug 03 10:52:02 2017, enet
Succ, Thu Aug 03 10:54:24 2017, evtree
Fail, Thu Aug 03 10:54:25 2017, extraTrees
Succ, Thu Aug 03 10:54:29 2017, foba
Fail, Thu Aug 03 10:54:34 2017, gam
Fail, Thu Aug 03 10:54:41 2017, gamboost
Succ, Thu Aug 03 10:55:05 2017, gamSpline
Fail, Thu Aug 03 10:55:08 2017, gaussprLinear
Fail, Thu Aug 03 10:55:18 2017, gaussprPoly
Fail, Thu Aug 03 10:55:36 2017, gaussprRadial
Fail, Thu Aug 03 10:55:46 2017, gbm
Fail, Thu Aug 03 10:57:03 2017, gbm_h2o
Fail, Thu Aug 03 10:57:06 2017, gcvEarth
Fail, Thu Aug 03 10:57:08 2017, glm
Succ, Thu Aug 03 10:57:13 2017, glm.nb
Succ, Thu Aug 03 10:57:29 2017, glmboost
Succ, Thu Aug 03 10:57:41 2017, glmnet
Fail, Thu Aug 03 10:58:44 2017, glmnet_h2o
Fail, Thu Aug 03 10:58:51 2017, glmStepAIC
Succ, Thu Aug 03 10:59:12 2017, icr
Succ, Thu Aug 03 10:59:23 2017, kernelpls
Succ, Thu Aug 03 10:59:47 2017, kknn
Succ, Thu Aug 03 11:00:00 2017, knn
Fail, Thu Aug 03 11:00:08 2017, krlsPoly
Fail, Thu Aug 03 11:00:16 2017, krlsRadial
Succ, Thu Aug 03 11:00:29 2017, lars
Succ, Thu Aug 03 11:00:41 2017, lars2
Fail, Thu Aug 03 11:00:46 2017, lasso
Succ, Thu Aug 03 11:00:55 2017, leapBackward
Succ, Thu Aug 03 11:01:01 2017, leapForward
Succ, Thu Aug 03 11:01:07 2017, leapSeq
Fail, Thu Aug 03 11:01:11 2017, lm
Fail, Thu Aug 03 11:01:17 2017, lmStepAIC
Fail, Thu Aug 03 11:01:24 2017, logicBag
Fail, Thu Aug 03 11:01:32 2017, logreg
Fail, Thu Aug 03 11:01:33 2017, M5
Fail, Thu Aug 03 11:01:34 2017, M5Rules
Succ, Thu Aug 03 11:02:02 2017, msaenet
Succ, Thu Aug 03 11:02:38 2017, neuralnet
Succ, Thu Aug 03 11:02:57 2017, nnet
Fail, Thu Aug 03 11:02:59 2017, nnls
Fail, Thu Aug 03 11:03:00 2017, ordinalNet
Succ, Thu Aug 03 11:03:06 2017, parRF
Fail, Thu Aug 03 11:05:41 2017, partDSA
Succ, Thu Aug 03 11:06:02 2017, pcaNNet
Succ, Thu Aug 03 11:06:05 2017, pcr
Fail, Thu Aug 03 11:06:55 2017, plsRglm
Succ, Thu Aug 03 11:07:08 2017, ppr
Succ, Thu Aug 03 11:07:40 2017, qrf
Fail, Thu Aug 03 11:07:50 2017, qrnn
Fail, Thu Aug 03 11:07:51 2017, randomGLM
Succ, Thu Aug 03 11:07:56 2017, ranger
Succ, Thu Aug 03 11:09:11 2017, Rborist
Succ, Thu Aug 03 11:09:21 2017, relaxo
Succ, Thu Aug 03 11:09:29 2017, rf
Fail, Thu Aug 03 11:09:37 2017, ridge
Fail, Thu Aug 03 11:09:45 2017, rlm
Succ, Thu Aug 03 11:09:55 2017, rpart
Fail, Thu Aug 03 11:09:57 2017, rpart1SE
Succ, Thu Aug 03 11:10:06 2017, rpart2
Fail, Thu Aug 03 11:10:06 2017, rqlasso
Fail, Thu Aug 03 11:10:07 2017, rqnc
Succ, Thu Aug 03 11:10:28 2017, RRF
Succ, Thu Aug 03 11:10:38 2017, RRFglobal
Fail, Thu Aug 03 11:10:42 2017, rvmLinear
Fail, Thu Aug 03 11:11:06 2017, rvmPoly
Fail, Thu Aug 03 11:11:27 2017, rvmRadial
Fail, Thu Aug 03 11:11:36 2017, SBC
Succ, Thu Aug 03 11:11:41 2017, simpls
Fail, Thu Aug 03 11:13:18 2017, spikeslab
Fail, Thu Aug 03 11:13:25 2017, spls
Fail, Thu Aug 03 11:13:30 2017, superpc
Fail, Thu Aug 03 11:13:30 2017, svmBoundrangeString
Fail, Thu Aug 03 11:13:31 2017, svmExpoString
Succ, Thu Aug 03 11:14:50 2017, svmLinear
Succ, Thu Aug 03 11:15:23 2017, svmLinear2
Succ, Thu Aug 03 11:15:36 2017, svmLinear3
Succ, Thu Aug 03 11:15:48 2017, svmPoly
Succ, Thu Aug 03 11:15:55 2017, svmRadial
Succ, Thu Aug 03 11:16:08 2017, svmRadialCost
Succ, Thu Aug 03 11:16:17 2017, svmRadialSigma
Fail, Thu Aug 03 11:16:17 2017, svmSpectrumString
Fail, Thu Aug 03 11:16:25 2017, treebag
Succ, Thu Aug 03 11:16:38 2017, widekernelpls
Fail, Thu Aug 03 11:17:10 2017, WM
Succ, Thu Aug 03 11:17:48 2017, xgbLinear
Succ, Thu Aug 03 11:18:32 2017, xgbTree
Fail, Thu Aug 03 11:18:41 2017, xyf
Succ, Thu Aug 03 11:19:32 2017, avNNet
Fail, Thu Aug 03 11:19:34 2017, bag
Succ, Thu Aug 03 11:23:04 2017, bagEarth
Fail, Thu Aug 03 11:23:33 2017, bagEarthGCV
Fail, Thu Aug 03 11:23:41 2017, bam
Fail, Thu Aug 03 11:23:42 2017, bartMachine
Fail, Thu Aug 03 11:23:46 2017, bayesglm
Fail, Thu Aug 03 11:23:58 2017, blackboost
Fail, Thu Aug 03 11:24:20 2017, blasso
Fail, Thu Aug 03 11:24:34 2017, blassoAveraged
Fail, Thu Aug 03 11:24:46 2017, bridge
Succ, Thu Aug 03 11:27:17 2017, BstLm
Fail, Thu Aug 03 11:27:37 2017, bstSm
Succ, Thu Aug 03 11:36:41 2017, bstTree
Succ, Thu Aug 03 11:37:00 2017, cforest
Succ, Thu Aug 03 11:37:14 2017, ctree
Succ, Thu Aug 03 11:37:22 2017, ctree2
Succ, Thu Aug 03 11:39:02 2017, cubist
Fail, Thu Aug 03 11:39:10 2017, DENFIS
Succ, Thu Aug 03 11:39:29 2017, dnn
Succ, Thu Aug 03 11:39:39 2017, earth
Succ, Thu Aug 03 11:39:55 2017, elm
Fail, Thu Aug 03 11:40:03 2017, enet
Fail, Thu Aug 03 11:49:23 2017, evtree
Fail, Thu Aug 03 11:49:24 2017, extraTrees
Succ, Thu Aug 03 14:07:58 2017, foba
Fail, Thu Aug 03 14:08:07 2017, gam
Fail, Thu Aug 03 14:08:20 2017, gamboost
Succ, Thu Aug 03 14:08:56 2017, gamSpline
Fail, Thu Aug 03 14:09:02 2017, gaussprLinear
Fail, Thu Aug 03 14:09:32 2017, gaussprPoly
Fail, Thu Aug 03 14:09:50 2017, gaussprRadial
Succ, Thu Aug 03 14:10:08 2017, gbm
Fail, Thu Aug 03 14:11:29 2017, gbm_h2o
Fail, Thu Aug 03 14:11:35 2017, gcvEarth
Fail, Thu Aug 03 14:11:40 2017, glm
Fail, Thu Aug 03 14:11:53 2017, glm.nb
Succ, Thu Aug 03 14:12:22 2017, glmboost
Succ, Thu Aug 03 14:12:39 2017, glmnet
Fail, Thu Aug 03 14:13:59 2017, glmnet_h2o
Fail, Thu Aug 03 14:14:07 2017, glmStepAIC
Succ, Thu Aug 03 14:14:28 2017, icr
Succ, Thu Aug 03 14:14:39 2017, kernelpls
Succ, Thu Aug 03 14:14:58 2017, kknn
Succ, Thu Aug 03 14:15:15 2017, knn
Fail, Thu Aug 03 14:15:26 2017, krlsPoly
Fail, Thu Aug 03 14:15:37 2017, krlsRadial
Succ, Thu Aug 03 14:15:53 2017, lars
Succ, Thu Aug 03 14:16:09 2017, lars2
Fail, Thu Aug 03 14:16:17 2017, lasso
Succ, Thu Aug 03 14:16:33 2017, leapBackward
Succ, Thu Aug 03 14:16:46 2017, leapForward
Succ, Thu Aug 03 14:17:02 2017, leapSeq
Fail, Thu Aug 03 14:17:07 2017, lm
Fail, Thu Aug 03 14:17:14 2017, lmStepAIC
Fail, Thu Aug 03 14:17:25 2017, logicBag
Fail, Thu Aug 03 14:17:37 2017, logreg
Fail, Thu Aug 03 14:17:39 2017, M5
Fail, Thu Aug 03 14:17:42 2017, M5Rules
Succ, Thu Aug 03 14:18:12 2017, msaenet
Succ, Thu Aug 03 20:30:15 2017, avNNet
Fail, Thu Aug 03 20:30:17 2017, bag
Succ, Thu Aug 03 20:32:00 2017, bagEarth
Fail, Thu Aug 03 20:32:19 2017, bagEarthGCV
Fail, Thu Aug 03 20:32:25 2017, bam
Fail, Thu Aug 03 20:32:26 2017, bartMachine
Fail, Thu Aug 03 20:32:29 2017, bayesglm
Fail, Thu Aug 03 20:32:37 2017, blackboost
Fail, Thu Aug 03 20:32:55 2017, blasso
Fail, Thu Aug 03 20:33:07 2017, blassoAveraged
Fail, Thu Aug 03 20:33:19 2017, bridge
Succ, Thu Aug 03 20:34:52 2017, BstLm
Fail, Thu Aug 03 20:35:01 2017, bstSm
Succ, Thu Aug 03 20:42:25 2017, bstTree
Succ, Thu Aug 03 20:42:45 2017, cforest
Succ, Thu Aug 03 20:42:51 2017, ctree
Succ, Thu Aug 03 20:43:03 2017, ctree2
Succ, Thu Aug 03 20:43:53 2017, cubist
Fail, Thu Aug 03 20:44:00 2017, DENFIS
Succ, Thu Aug 03 20:44:16 2017, dnn
Fail, Thu Aug 03 20:44:25 2017, earth
Succ, Thu Aug 03 20:44:35 2017, elm
Fail, Thu Aug 03 20:44:40 2017, enet
Succ, Thu Aug 03 20:46:55 2017, evtree
Fail, Thu Aug 03 20:46:56 2017, extraTrees
Succ, Thu Aug 03 20:47:00 2017, foba
Fail, Thu Aug 03 20:47:05 2017, gam
Fail, Thu Aug 03 20:47:11 2017, gamboost
Succ, Thu Aug 03 20:47:22 2017, gamSpline
Fail, Thu Aug 03 20:47:25 2017, gaussprLinear
Fail, Thu Aug 03 20:47:33 2017, gaussprPoly
Fail, Thu Aug 03 20:47:46 2017, gaussprRadial
Succ, Thu Aug 03 20:48:14 2017, gbm
Fail, Thu Aug 03 20:49:09 2017, gbm_h2o
Fail, Thu Aug 03 20:49:12 2017, gcvEarth
Fail, Thu Aug 03 20:49:14 2017, glm
Fail, Thu Aug 03 20:49:19 2017, glm.nb
Succ, Thu Aug 03 20:49:36 2017, glmboost
Succ, Thu Aug 03 20:49:40 2017, glmnet
Fail, Thu Aug 03 20:50:34 2017, glmnet_h2o
Fail, Thu Aug 03 20:50:39 2017, glmStepAIC
Succ, Thu Aug 03 20:50:49 2017, icr
Succ, Thu Aug 03 20:50:51 2017, kernelpls
Succ, Thu Aug 03 20:51:07 2017, kknn
Succ, Thu Aug 03 20:51:10 2017, knn
Fail, Thu Aug 03 20:51:16 2017, krlsPoly
Fail, Thu Aug 03 20:51:22 2017, krlsRadial
Succ, Thu Aug 03 20:51:28 2017, lars
Succ, Thu Aug 03 20:51:35 2017, lars2
Fail, Thu Aug 03 20:51:40 2017, lasso
Succ, Thu Aug 03 20:51:42 2017, leapBackward
Succ, Thu Aug 03 20:51:46 2017, leapForward
Succ, Thu Aug 03 20:51:53 2017, leapSeq
Fail, Thu Aug 03 20:51:56 2017, lm
Fail, Thu Aug 03 20:52:01 2017, lmStepAIC
Fail, Thu Aug 03 20:52:06 2017, logicBag
Fail, Thu Aug 03 20:52:12 2017, logreg
Fail, Thu Aug 03 20:52:13 2017, M5
Fail, Thu Aug 03 20:52:14 2017, M5Rules
Fail, Thu Aug 03 20:52:28 2017, msaenet
Succ, Thu Aug 03 20:56:52 2017, neuralnet
Succ, Thu Aug 03 20:57:18 2017, nnet
Fail, Thu Aug 03 20:57:20 2017, nnls
Fail, Thu Aug 03 20:57:21 2017, ordinalNet
Succ, Thu Aug 03 20:57:54 2017, parRF
Succ, Thu Aug 03 21:00:13 2017, partDSA
Succ, Thu Aug 03 21:00:28 2017, pcaNNet
Succ, Thu Aug 03 21:00:32 2017, pcr
Fail, Thu Aug 03 21:00:52 2017, plsRglm
Succ, Thu Aug 03 21:01:26 2017, ppr
Succ, Thu Aug 03 21:02:42 2017, qrf
Fail, Thu Aug 03 21:02:51 2017, qrnn
Fail, Thu Aug 03 21:02:51 2017, randomGLM
Succ, Thu Aug 03 21:03:08 2017, ranger
Succ, Thu Aug 03 21:05:58 2017, Rborist
Succ, Thu Aug 03 21:06:10 2017, relaxo
Succ, Thu Aug 03 21:06:31 2017, rf
Fail, Thu Aug 03 21:06:36 2017, ridge
Fail, Thu Aug 03 21:06:42 2017, rlm
Succ, Thu Aug 03 21:06:49 2017, rpart
Fail, Thu Aug 03 21:06:52 2017, rpart1SE
Succ, Thu Aug 03 21:06:59 2017, rpart2
Fail, Thu Aug 03 21:07:00 2017, rqlasso
Fail, Thu Aug 03 21:07:01 2017, rqnc
Succ, Thu Aug 03 21:07:44 2017, RRF
Succ, Thu Aug 03 21:08:20 2017, RRFglobal
Fail, Thu Aug 03 21:08:25 2017, rvmLinear
Fail, Thu Aug 03 21:08:44 2017, rvmPoly
Fail, Thu Aug 03 21:09:11 2017, rvmRadial
Fail, Thu Aug 03 21:09:17 2017, SBC
Succ, Thu Aug 03 21:09:22 2017, simpls
Fail, Thu Aug 03 21:10:33 2017, spikeslab
Fail, Thu Aug 03 21:10:39 2017, spls
Fail, Thu Aug 03 21:10:43 2017, superpc
Fail, Thu Aug 03 21:10:44 2017, svmBoundrangeString
Fail, Thu Aug 03 21:10:45 2017, svmExpoString
Succ, Thu Aug 03 21:11:14 2017, svmLinear
Succ, Thu Aug 03 21:11:27 2017, svmLinear2
Succ, Thu Aug 03 21:11:36 2017, svmLinear3
Succ, Thu Aug 03 21:11:47 2017, svmPoly
Succ, Thu Aug 03 21:11:54 2017, svmRadial
Succ, Thu Aug 03 21:12:05 2017, svmRadialCost
Succ, Thu Aug 03 21:12:10 2017, svmRadialSigma
Fail, Thu Aug 03 21:12:10 2017, svmSpectrumString
Fail, Thu Aug 03 21:12:17 2017, treebag
Succ, Thu Aug 03 21:12:22 2017, widekernelpls
Fail, Thu Aug 03 21:12:44 2017, WM
Succ, Thu Aug 03 21:13:08 2017, xgbLinear
Succ, Thu Aug 03 21:14:35 2017, xgbTree
Fail, Thu Aug 03 21:14:42 2017, xyf
Succ, Thu Aug 03 21:15:35 2017, avNNet
Fail, Thu Aug 03 21:15:36 2017, bag
Succ, Thu Aug 03 21:17:16 2017, bagEarth
Fail, Thu Aug 03 21:17:34 2017, bagEarthGCV
Fail, Thu Aug 03 21:17:40 2017, bam
Fail, Thu Aug 03 21:17:41 2017, bartMachine
Fail, Thu Aug 03 21:17:43 2017, bayesglm
Fail, Thu Aug 03 21:17:52 2017, blackboost
Fail, Thu Aug 03 21:18:08 2017, blasso
Fail, Thu Aug 03 21:18:18 2017, blassoAveraged
Fail, Thu Aug 03 21:18:28 2017, bridge
Succ, Thu Aug 03 21:19:39 2017, BstLm
Fail, Thu Aug 03 21:19:48 2017, bstSm
Succ, Thu Aug 03 21:23:31 2017, bstTree
Succ, Thu Aug 03 21:23:42 2017, cforest
Succ, Thu Aug 03 21:23:53 2017, ctree
Succ, Thu Aug 03 21:24:00 2017, ctree2
Succ, Thu Aug 03 21:24:23 2017, cubist
Fail, Thu Aug 03 21:24:29 2017, DENFIS
Succ, Thu Aug 03 21:24:42 2017, dnn
Succ, Thu Aug 03 21:24:53 2017, earth
Succ, Thu Aug 03 21:25:01 2017, elm
Fail, Thu Aug 03 21:25:07 2017, enet
Succ, Thu Aug 03 21:29:14 2017, evtree
Fail, Thu Aug 03 21:29:15 2017, extraTrees
Succ, Thu Aug 03 21:29:25 2017, foba
Fail, Thu Aug 03 21:29:30 2017, gam
Fail, Thu Aug 03 21:29:37 2017, gamboost
Succ, Thu Aug 03 21:29:54 2017, gamSpline
Fail, Thu Aug 03 21:29:57 2017, gaussprLinear
Fail, Thu Aug 03 21:30:13 2017, gaussprPoly
Fail, Thu Aug 03 21:30:22 2017, gaussprRadial
Fail, Thu Aug 03 21:30:33 2017, gbm
Fail, Thu Aug 03 21:31:27 2017, gbm_h2o
Fail, Thu Aug 03 21:31:30 2017, gcvEarth
Fail, Thu Aug 03 21:31:32 2017, glm
Fail, Thu Aug 03 21:31:38 2017, glm.nb
Succ, Thu Aug 03 21:31:55 2017, glmboost
Succ, Thu Aug 03 21:31:59 2017, glmnet
Fail, Thu Aug 03 21:32:53 2017, glmnet_h2o
Fail, Thu Aug 03 21:32:58 2017, glmStepAIC
Succ, Thu Aug 03 21:33:11 2017, icr
Succ, Thu Aug 03 21:33:16 2017, kernelpls
Succ, Thu Aug 03 21:33:30 2017, kknn
Succ, Thu Aug 03 21:33:39 2017, knn
Fail, Thu Aug 03 21:33:45 2017, krlsPoly
Fail, Thu Aug 03 21:33:51 2017, krlsRadial
Succ, Thu Aug 03 21:33:56 2017, lars
Succ, Thu Aug 03 21:34:04 2017, lars2
Fail, Thu Aug 03 21:34:08 2017, lasso
Succ, Thu Aug 03 21:34:17 2017, leapBackward
Succ, Thu Aug 03 21:34:22 2017, leapForward
Succ, Thu Aug 03 21:34:29 2017, leapSeq
Fail, Thu Aug 03 21:34:31 2017, lm
Fail, Thu Aug 03 21:34:36 2017, lmStepAIC
Fail, Thu Aug 03 21:34:41 2017, logicBag
Fail, Thu Aug 03 21:34:47 2017, logreg
Fail, Thu Aug 03 21:34:48 2017, M5
Fail, Thu Aug 03 21:34:49 2017, M5Rules
Succ, Thu Aug 03 21:35:04 2017, msaenet
Succ, Thu Aug 03 21:48:34 2017, neuralnet
Succ, Thu Aug 03 21:48:49 2017, nnet
Fail, Thu Aug 03 21:48:51 2017, nnls
Fail, Thu Aug 03 21:48:52 2017, ordinalNet
Succ, Thu Aug 03 21:49:08 2017, parRF
Succ, Thu Aug 03 21:51:22 2017, partDSA
Succ, Thu Aug 03 21:51:38 2017, pcaNNet
Succ, Thu Aug 03 21:51:40 2017, pcr
Fail, Thu Aug 03 21:52:10 2017, plsRglm
Succ, Thu Aug 03 21:52:26 2017, ppr
Succ, Thu Aug 03 21:54:29 2017, qrf
Fail, Thu Aug 03 21:54:38 2017, qrnn
Fail, Thu Aug 03 21:54:39 2017, randomGLM
Succ, Thu Aug 03 21:54:51 2017, ranger
Succ, Thu Aug 03 21:55:38 2017, Rborist
Succ, Thu Aug 03 21:55:49 2017, relaxo
Succ, Thu Aug 03 21:56:00 2017, rf
Fail, Thu Aug 03 21:56:06 2017, ridge
Fail, Thu Aug 03 21:56:12 2017, rlm
Succ, Thu Aug 03 21:56:19 2017, rpart
Fail, Thu Aug 03 21:56:22 2017, rpart1SE
Succ, Thu Aug 03 21:56:33 2017, rpart2
Fail, Thu Aug 03 21:56:34 2017, rqlasso
Fail, Thu Aug 03 21:56:35 2017, rqnc
Succ, Thu Aug 03 21:57:00 2017, RRF
Succ, Thu Aug 03 21:57:20 2017, RRFglobal
Fail, Thu Aug 03 21:57:23 2017, rvmLinear
Fail, Thu Aug 03 21:57:44 2017, rvmPoly
Fail, Thu Aug 03 21:58:13 2017, rvmRadial
Fail, Thu Aug 03 21:58:21 2017, SBC
Succ, Thu Aug 03 21:58:28 2017, simpls
Fail, Thu Aug 03 22:00:15 2017, spikeslab
Fail, Thu Aug 03 22:00:23 2017, spls
Fail, Thu Aug 03 22:00:29 2017, superpc
Fail, Thu Aug 03 22:00:30 2017, svmBoundrangeString
Fail, Thu Aug 03 22:00:30 2017, svmExpoString
Succ, Thu Aug 03 22:01:02 2017, svmLinear
Succ, Thu Aug 03 22:01:36 2017, svmLinear2
Succ, Thu Aug 03 22:01:47 2017, svmLinear3
Succ, Thu Aug 03 22:02:06 2017, svmPoly
Succ, Thu Aug 03 22:02:23 2017, svmRadial
Succ, Thu Aug 03 22:02:40 2017, svmRadialCost
Succ, Thu Aug 03 22:02:56 2017, svmRadialSigma
Fail, Thu Aug 03 22:02:57 2017, svmSpectrumString
Fail, Thu Aug 03 22:03:09 2017, treebag
Succ, Thu Aug 03 22:03:12 2017, widekernelpls
Fail, Thu Aug 03 22:03:40 2017, WM
Succ, Thu Aug 03 22:04:27 2017, xgbLinear
Succ, Thu Aug 03 22:05:17 2017, xgbTree
Fail, Thu Aug 03 22:05:26 2017, xyf
Succ, Thu Aug 03 22:07:07 2017, avNNet
Fail, Thu Aug 03 22:07:10 2017, bag
Succ, Thu Aug 03 22:09:31 2017, bagEarth
Fail, Thu Aug 03 22:09:59 2017, bagEarthGCV
Fail, Thu Aug 03 22:10:07 2017, bam
Fail, Thu Aug 03 22:10:08 2017, bartMachine
Fail, Thu Aug 03 22:10:11 2017, bayesglm
Fail, Thu Aug 03 22:10:22 2017, blackboost
Fail, Thu Aug 03 22:10:42 2017, blasso
Fail, Thu Aug 03 22:10:56 2017, blassoAveraged
Fail, Thu Aug 03 22:11:08 2017, bridge
Succ, Thu Aug 03 22:13:15 2017, BstLm
Fail, Thu Aug 03 22:13:32 2017, bstSm
Succ, Thu Aug 03 22:39:45 2017, bstTree
Succ, Thu Aug 03 22:40:02 2017, cforest
Succ, Thu Aug 03 22:40:15 2017, ctree
Succ, Thu Aug 03 22:40:28 2017, ctree2
Succ, Thu Aug 03 22:40:58 2017, cubist
Fail, Thu Aug 03 22:41:06 2017, DENFIS
Succ, Thu Aug 03 22:41:25 2017, dnn
Succ, Thu Aug 03 22:41:44 2017, earth
Succ, Thu Aug 03 22:42:01 2017, elm
Fail, Thu Aug 03 22:42:08 2017, enet
Succ, Thu Aug 03 22:45:32 2017, evtree
Fail, Thu Aug 03 22:45:33 2017, extraTrees
Succ, Thu Aug 03 22:45:46 2017, foba
Fail, Thu Aug 03 22:45:53 2017, gam
Fail, Thu Aug 03 22:46:00 2017, gamboost
Succ, Thu Aug 03 22:46:26 2017, gamSpline
Fail, Thu Aug 03 22:46:30 2017, gaussprLinear
Fail, Thu Aug 03 22:46:46 2017, gaussprPoly
Fail, Thu Aug 03 22:46:59 2017, gaussprRadial
Succ, Thu Aug 03 22:47:24 2017, gbm
Fail, Thu Aug 03 22:48:25 2017, gbm_h2o
Fail, Thu Aug 03 22:48:30 2017, gcvEarth
Fail, Thu Aug 03 22:48:33 2017, glm
Fail, Thu Aug 03 22:48:39 2017, glm.nb
Succ, Thu Aug 03 22:48:47 2017, glmboost
Fail, Thu Aug 03 22:48:57 2017, glmnet
Fail, Thu Aug 03 22:49:58 2017, glmnet_h2o
Fail, Thu Aug 03 22:50:04 2017, glmStepAIC
Succ, Thu Aug 03 22:50:15 2017, icr
Succ, Thu Aug 03 22:50:19 2017, kernelpls
Succ, Thu Aug 03 22:50:52 2017, kknn
Succ, Thu Aug 03 22:51:09 2017, knn
Fail, Thu Aug 03 22:51:19 2017, krlsPoly
Fail, Thu Aug 03 22:51:31 2017, krlsRadial
Succ, Thu Aug 03 22:51:42 2017, lars
Succ, Thu Aug 03 22:51:52 2017, lars2
Fail, Thu Aug 03 22:52:01 2017, lasso
Succ, Thu Aug 03 22:52:06 2017, leapBackward
Succ, Thu Aug 03 22:52:09 2017, leapForward
Succ, Thu Aug 03 22:52:16 2017, leapSeq
Fail, Thu Aug 03 22:52:20 2017, lm
Fail, Thu Aug 03 22:52:27 2017, lmStepAIC
Fail, Thu Aug 03 22:52:35 2017, logicBag
Fail, Thu Aug 03 22:52:46 2017, logreg
Fail, Thu Aug 03 22:52:47 2017, M5
Fail, Thu Aug 03 22:52:48 2017, M5Rules
Fail, Thu Aug 03 22:53:26 2017, msaenet
Succ, Thu Aug 03 23:02:58 2017, neuralnet
Succ, Thu Aug 03 23:03:17 2017, nnet
Fail, Thu Aug 03 23:03:20 2017, nnls
Fail, Thu Aug 03 23:03:20 2017, ordinalNet
Succ, Thu Aug 03 23:03:41 2017, parRF
Succ, Thu Aug 03 23:09:44 2017, partDSA
Succ, Thu Aug 03 23:10:01 2017, pcaNNet
Succ, Thu Aug 03 23:10:04 2017, pcr
Fail, Thu Aug 03 23:11:10 2017, plsRglm
Succ, Thu Aug 03 23:11:15 2017, ppr
Succ, Thu Aug 03 23:12:51 2017, qrf
Fail, Thu Aug 03 23:13:01 2017, qrnn
Fail, Thu Aug 03 23:13:01 2017, randomGLM
Succ, Thu Aug 03 23:13:08 2017, ranger
Succ, Thu Aug 03 23:14:12 2017, Rborist
Succ, Thu Aug 03 23:14:23 2017, relaxo
Succ, Thu Aug 03 23:14:32 2017, rf
Fail, Thu Aug 03 23:14:38 2017, ridge
Fail, Thu Aug 03 23:14:43 2017, rlm
Succ, Thu Aug 03 23:14:48 2017, rpart
Fail, Thu Aug 03 23:14:51 2017, rpart1SE
Succ, Thu Aug 03 23:14:54 2017, rpart2
Fail, Thu Aug 03 23:14:55 2017, rqlasso
Fail, Thu Aug 03 23:14:56 2017, rqnc
Fail, Thu Aug 03 23:16:10 2017, RRF
Succ, Thu Aug 03 23:16:53 2017, RRFglobal
Fail, Thu Aug 03 23:16:57 2017, rvmLinear
Fail, Thu Aug 03 23:17:14 2017, rvmPoly
Fail, Thu Aug 03 23:17:33 2017, rvmRadial
Fail, Thu Aug 03 23:17:40 2017, SBC
Succ, Thu Aug 03 23:17:42 2017, simpls
Fail, Thu Aug 03 23:19:02 2017, spikeslab
Fail, Thu Aug 03 23:19:09 2017, spls
Fail, Thu Aug 03 23:19:15 2017, superpc
Fail, Thu Aug 03 23:19:15 2017, svmBoundrangeString
Fail, Thu Aug 03 23:19:16 2017, svmExpoString
Succ, Thu Aug 03 23:19:32 2017, svmLinear
Succ, Thu Aug 03 23:20:38 2017, svmLinear2
Succ, Thu Aug 03 23:20:55 2017, svmLinear3
Succ, Thu Aug 03 23:21:48 2017, svmPoly
Succ, Thu Aug 03 23:22:01 2017, svmRadial
Succ, Thu Aug 03 23:22:11 2017, svmRadialCost
Succ, Thu Aug 03 23:22:30 2017, svmRadialSigma
Fail, Thu Aug 03 23:22:30 2017, svmSpectrumString
Fail, Thu Aug 03 23:22:46 2017, treebag
Succ, Thu Aug 03 23:22:57 2017, widekernelpls
Fail, Thu Aug 03 23:23:30 2017, WM
Succ, Thu Aug 03 23:23:51 2017, xgbLinear
Succ, Thu Aug 03 23:24:56 2017, xgbTree
Fail, Thu Aug 03 23:25:06 2017, xyf
Succ, Thu Aug 03 23:26:01 2017, avNNet
Fail, Thu Aug 03 23:26:04 2017, bag
Succ, Thu Aug 03 23:27:41 2017, bagEarth
Fail, Thu Aug 03 23:28:09 2017, bagEarthGCV
Fail, Thu Aug 03 23:28:15 2017, bam
Fail, Thu Aug 03 23:28:17 2017, bartMachine
Fail, Thu Aug 03 23:28:20 2017, bayesglm
Fail, Thu Aug 03 23:28:30 2017, blackboost
Fail, Thu Aug 03 23:28:47 2017, blasso
Fail, Thu Aug 03 23:28:58 2017, blassoAveraged
Fail, Thu Aug 03 23:29:09 2017, bridge
Succ, Thu Aug 03 23:30:28 2017, BstLm
Fail, Thu Aug 03 23:30:39 2017, bstSm
Succ, Thu Aug 03 23:41:11 2017, bstTree
Succ, Thu Aug 03 23:41:19 2017, cforest
Succ, Thu Aug 03 23:41:37 2017, ctree
Succ, Thu Aug 03 23:41:50 2017, ctree2
Succ, Thu Aug 03 23:42:46 2017, cubist
Fail, Thu Aug 03 23:42:54 2017, DENFIS
Succ, Thu Aug 03 23:43:15 2017, dnn
Succ, Thu Aug 03 23:43:28 2017, earth
Succ, Thu Aug 03 23:43:39 2017, elm
Fail, Thu Aug 03 23:43:46 2017, enet
Succ, Thu Aug 03 23:49:07 2017, evtree
Fail, Thu Aug 03 23:49:08 2017, extraTrees
Fail, Thu Aug 03 23:49:18 2017, foba
Fail, Thu Aug 03 23:49:24 2017, gam
Fail, Thu Aug 03 23:49:32 2017, gamboost
Succ, Thu Aug 03 23:49:54 2017, gamSpline
Fail, Thu Aug 03 23:49:58 2017, gaussprLinear
Fail, Thu Aug 03 23:50:16 2017, gaussprPoly
Fail, Thu Aug 03 23:50:36 2017, gaussprRadial
Succ, Thu Aug 03 23:50:49 2017, gbm
Fail, Thu Aug 03 23:51:51 2017, gbm_h2o
Fail, Thu Aug 03 23:51:54 2017, gcvEarth
Fail, Thu Aug 03 23:51:57 2017, glm
Fail, Thu Aug 03 23:52:03 2017, glm.nb
Succ, Thu Aug 03 23:52:21 2017, glmboost
Succ, Thu Aug 03 23:52:28 2017, glmnet
Fail, Thu Aug 03 23:53:30 2017, glmnet_h2o
Fail, Thu Aug 03 23:53:36 2017, glmStepAIC
Succ, Thu Aug 03 23:53:43 2017, icr
Succ, Thu Aug 03 23:53:51 2017, kernelpls
Succ, Thu Aug 03 23:54:09 2017, kknn
Succ, Thu Aug 03 23:54:16 2017, knn
Fail, Thu Aug 03 23:54:22 2017, krlsPoly
Fail, Thu Aug 03 23:54:29 2017, krlsRadial
Succ, Thu Aug 03 23:54:37 2017, lars
Succ, Thu Aug 03 23:54:41 2017, lars2
Fail, Thu Aug 03 23:54:46 2017, lasso
Succ, Thu Aug 03 23:54:51 2017, leapBackward
Succ, Thu Aug 03 23:54:58 2017, leapForward
Succ, Thu Aug 03 23:55:09 2017, leapSeq
Fail, Thu Aug 03 23:55:11 2017, lm
Fail, Thu Aug 03 23:55:17 2017, lmStepAIC
Fail, Thu Aug 03 23:55:25 2017, logicBag
Fail, Thu Aug 03 23:55:32 2017, logreg
Fail, Thu Aug 03 23:55:33 2017, M5
Fail, Thu Aug 03 23:55:34 2017, M5Rules
Fail, Thu Aug 03 23:55:47 2017, msaenet
Succ, Thu Aug 03 23:56:57 2017, neuralnet
Succ, Thu Aug 03 23:57:07 2017, nnet
Fail, Thu Aug 03 23:57:10 2017, nnls
Fail, Thu Aug 03 23:57:10 2017, ordinalNet
Succ, Thu Aug 03 23:57:17 2017, parRF
Fail, Fri Aug 04 00:02:26 2017, partDSA
Succ, Fri Aug 04 00:02:44 2017, pcaNNet
Succ, Fri Aug 04 00:02:49 2017, pcr
Fail, Fri Aug 04 00:04:41 2017, plsRglm
Succ, Fri Aug 04 00:04:55 2017, ppr
Succ, Fri Aug 04 00:06:13 2017, qrf
Fail, Fri Aug 04 00:06:22 2017, qrnn
Fail, Fri Aug 04 00:06:23 2017, randomGLM
Succ, Fri Aug 04 00:06:39 2017, ranger
Succ, Fri Aug 04 00:10:28 2017, Rborist
Succ, Fri Aug 04 00:10:37 2017, relaxo
Succ, Fri Aug 04 00:10:50 2017, rf
Fail, Fri Aug 04 00:10:58 2017, ridge
Fail, Fri Aug 04 00:11:05 2017, rlm
Succ, Fri Aug 04 00:11:08 2017, rpart
Fail, Fri Aug 04 00:11:12 2017, rpart1SE
Succ, Fri Aug 04 00:11:15 2017, rpart2
Fail, Fri Aug 04 00:11:16 2017, rqlasso
Fail, Fri Aug 04 00:11:17 2017, rqnc
Succ, Fri Aug 04 00:11:36 2017, RRF
Succ, Fri Aug 04 00:12:02 2017, RRFglobal
Fail, Fri Aug 04 00:12:07 2017, rvmLinear
Fail, Fri Aug 04 00:12:26 2017, rvmPoly
Fail, Fri Aug 04 00:12:44 2017, rvmRadial
Fail, Fri Aug 04 00:12:54 2017, SBC
Succ, Fri Aug 04 00:12:58 2017, simpls
Fail, Fri Aug 04 00:14:31 2017, spikeslab
Fail, Fri Aug 04 00:14:40 2017, spls
Fail, Fri Aug 04 00:14:47 2017, superpc
Fail, Fri Aug 04 00:14:48 2017, svmBoundrangeString
Fail, Fri Aug 04 00:14:49 2017, svmExpoString
Succ, Fri Aug 04 00:15:22 2017, svmLinear
Succ, Fri Aug 04 00:16:29 2017, svmLinear2
Succ, Fri Aug 04 00:16:35 2017, svmLinear3
Succ, Fri Aug 04 00:16:48 2017, svmPoly
Succ, Fri Aug 04 00:17:02 2017, svmRadial
Succ, Fri Aug 04 00:17:13 2017, svmRadialCost
Succ, Fri Aug 04 00:17:26 2017, svmRadialSigma
Fail, Fri Aug 04 00:17:27 2017, svmSpectrumString
Fail, Fri Aug 04 00:17:35 2017, treebag
Succ, Fri Aug 04 00:17:39 2017, widekernelpls
Fail, Fri Aug 04 00:18:07 2017, WM
Succ, Fri Aug 04 00:18:26 2017, xgbLinear
Succ, Fri Aug 04 00:20:08 2017, xgbTree
Fail, Fri Aug 04 00:20:16 2017, xyf
Succ, Fri Aug 04 00:21:53 2017, avNNet
Fail, Fri Aug 04 00:21:55 2017, bag
Succ, Fri Aug 04 00:24:09 2017, bagEarth
Fail, Fri Aug 04 00:24:35 2017, bagEarthGCV
Fail, Fri Aug 04 00:24:42 2017, bam
Fail, Fri Aug 04 00:24:43 2017, bartMachine
Fail, Fri Aug 04 00:24:47 2017, bayesglm
Fail, Fri Aug 04 00:24:58 2017, blackboost
Fail, Fri Aug 04 00:25:20 2017, blasso
Fail, Fri Aug 04 00:25:37 2017, blassoAveraged
Fail, Fri Aug 04 00:25:52 2017, bridge
Succ, Fri Aug 04 00:31:29 2017, BstLm
Fail, Fri Aug 04 00:31:52 2017, bstSm
Succ, Fri Aug 04 00:48:16 2017, bstTree
Succ, Fri Aug 04 00:49:08 2017, cforest
Succ, Fri Aug 04 00:49:31 2017, ctree
Succ, Fri Aug 04 00:49:42 2017, ctree2
Succ, Fri Aug 04 00:50:53 2017, cubist
Fail, Fri Aug 04 00:51:03 2017, DENFIS
Succ, Fri Aug 04 00:51:26 2017, dnn
Succ, Fri Aug 04 00:51:36 2017, earth
Succ, Fri Aug 04 00:51:54 2017, elm
Fail, Fri Aug 04 00:52:04 2017, enet
Succ, Fri Aug 04 00:58:41 2017, evtree
Fail, Fri Aug 04 00:58:42 2017, extraTrees
Fail, Fri Aug 04 00:59:09 2017, foba
Fail, Fri Aug 04 00:59:19 2017, gam
Fail, Fri Aug 04 00:59:30 2017, gamboost
Succ, Fri Aug 04 01:00:07 2017, gamSpline
Fail, Fri Aug 04 01:00:11 2017, gaussprLinear
Fail, Fri Aug 04 01:00:30 2017, gaussprPoly
Fail, Fri Aug 04 01:01:00 2017, gaussprRadial
Succ, Fri Aug 04 01:01:36 2017, gbm
Fail, Fri Aug 04 01:03:01 2017, gbm_h2o
Fail, Fri Aug 04 01:03:05 2017, gcvEarth
Fail, Fri Aug 04 01:03:08 2017, glm
Fail, Fri Aug 04 01:03:16 2017, glm.nb
Succ, Fri Aug 04 01:03:34 2017, glmboost
Succ, Fri Aug 04 01:03:55 2017, glmnet
Fail, Fri Aug 04 01:05:22 2017, glmnet_h2o
Fail, Fri Aug 04 01:05:28 2017, glmStepAIC
Succ, Fri Aug 04 01:05:56 2017, icr
Succ, Fri Aug 04 01:06:12 2017, kernelpls
Succ, Fri Aug 04 01:06:38 2017, kknn
Succ, Fri Aug 04 01:06:54 2017, knn
Fail, Fri Aug 04 01:07:05 2017, krlsPoly
Fail, Fri Aug 04 01:07:16 2017, krlsRadial
Succ, Fri Aug 04 01:07:33 2017, lars
Succ, Fri Aug 04 01:07:37 2017, lars2
Fail, Fri Aug 04 01:07:44 2017, lasso
Succ, Fri Aug 04 01:07:48 2017, leapBackward
Succ, Fri Aug 04 01:07:53 2017, leapForward
Succ, Fri Aug 04 01:08:00 2017, leapSeq
Fail, Fri Aug 04 01:08:04 2017, lm
Fail, Fri Aug 04 01:08:09 2017, lmStepAIC
Fail, Fri Aug 04 01:08:20 2017, logicBag
Fail, Fri Aug 04 01:08:31 2017, logreg
Fail, Fri Aug 04 01:08:32 2017, M5
Fail, Fri Aug 04 01:08:34 2017, M5Rules
Succ, Fri Aug 04 01:09:19 2017, msaenet
Succ, Fri Aug 04 01:33:07 2017, neuralnet
Succ, Fri Aug 04 01:33:50 2017, nnet
Fail, Fri Aug 04 01:33:53 2017, nnls
Fail, Fri Aug 04 01:33:54 2017, ordinalNet
Succ, Fri Aug 04 01:34:31 2017, parRF
Succ, Fri Aug 04 01:39:23 2017, partDSA
Succ, Fri Aug 04 01:40:03 2017, pcaNNet
Succ, Fri Aug 04 01:40:10 2017, pcr
Fail, Fri Aug 04 01:40:40 2017, plsRglm
Succ, Fri Aug 04 01:40:48 2017, ppr
Succ, Fri Aug 04 01:42:11 2017, qrf
Fail, Fri Aug 04 01:42:25 2017, qrnn
Fail, Fri Aug 04 01:42:26 2017, randomGLM
Succ, Fri Aug 04 01:42:45 2017, ranger
Succ, Fri Aug 04 01:43:49 2017, Rborist
Succ, Fri Aug 04 01:44:08 2017, relaxo
Succ, Fri Aug 04 01:44:18 2017, rf
Fail, Fri Aug 04 01:44:27 2017, ridge
Fail, Fri Aug 04 01:44:36 2017, rlm
Succ, Fri Aug 04 01:44:50 2017, rpart
Fail, Fri Aug 04 01:44:55 2017, rpart1SE
Succ, Fri Aug 04 01:45:10 2017, rpart2
Fail, Fri Aug 04 01:45:11 2017, rqlasso
Fail, Fri Aug 04 01:45:12 2017, rqnc
Fail, Fri Aug 04 01:46:36 2017, RRF
Succ, Fri Aug 04 01:47:19 2017, RRFglobal
Fail, Fri Aug 04 01:47:24 2017, rvmLinear
Fail, Fri Aug 04 01:47:47 2017, rvmPoly
Fail, Fri Aug 04 01:48:50 2017, rvmRadial
Fail, Fri Aug 04 01:49:00 2017, SBC
Succ, Fri Aug 04 01:49:15 2017, simpls
Fail, Fri Aug 04 01:51:24 2017, spikeslab
Fail, Fri Aug 04 01:51:34 2017, spls
Fail, Fri Aug 04 01:51:43 2017, superpc
Fail, Fri Aug 04 01:51:44 2017, svmBoundrangeString
Fail, Fri Aug 04 01:51:44 2017, svmExpoString
Succ, Fri Aug 04 01:52:17 2017, svmLinear
Succ, Fri Aug 04 01:53:25 2017, svmLinear2
Succ, Fri Aug 04 01:53:42 2017, svmLinear3
Succ, Fri Aug 04 01:54:01 2017, svmPoly
Succ, Fri Aug 04 01:54:15 2017, svmRadial
Succ, Fri Aug 04 01:54:35 2017, svmRadialCost
Succ, Fri Aug 04 01:54:45 2017, svmRadialSigma
Fail, Fri Aug 04 01:54:46 2017, svmSpectrumString
Fail, Fri Aug 04 01:54:58 2017, treebag
Succ, Fri Aug 04 01:55:14 2017, widekernelpls
Fail, Fri Aug 04 01:56:13 2017, WM
Succ, Fri Aug 04 01:56:50 2017, xgbLinear
Succ, Fri Aug 04 01:58:32 2017, xgbTree
Fail, Fri Aug 04 01:58:45 2017, xyf
Succ, Fri Aug 04 02:00:40 2017, avNNet
Fail, Fri Aug 04 02:00:43 2017, bag
Succ, Fri Aug 04 02:04:49 2017, bagEarth
Fail, Fri Aug 04 02:05:24 2017, bagEarthGCV
Fail, Fri Aug 04 02:05:32 2017, bam
Fail, Fri Aug 04 02:05:33 2017, bartMachine
Fail, Fri Aug 04 02:05:37 2017, bayesglm
Fail, Fri Aug 04 02:05:52 2017, blackboost
Fail, Fri Aug 04 02:06:23 2017, blasso
Fail, Fri Aug 04 02:06:43 2017, blassoAveraged
Fail, Fri Aug 04 02:07:02 2017, bridge
Succ, Fri Aug 04 10:38:59 2017, BstLm
Fail, Fri Aug 04 10:39:17 2017, bstSm
Succ, Fri Aug 04 11:01:00 2017, bstTree
Succ, Fri Aug 04 11:01:31 2017, cforest
Succ, Fri Aug 04 11:01:53 2017, ctree
Succ, Fri Aug 04 11:02:14 2017, ctree2
Succ, Fri Aug 04 11:03:57 2017, cubist
Fail, Fri Aug 04 11:04:09 2017, DENFIS
Succ, Fri Aug 04 11:04:36 2017, dnn
Succ, Fri Aug 04 11:04:54 2017, earth
Succ, Fri Aug 04 11:05:10 2017, elm
Fail, Fri Aug 04 11:05:21 2017, enet
Succ, Fri Aug 04 11:07:08 2017, evtree
Fail, Fri Aug 04 11:07:10 2017, extraTrees
Succ, Fri Aug 04 11:07:23 2017, foba
Fail, Fri Aug 04 11:07:34 2017, gam
Fail, Fri Aug 04 11:07:47 2017, gamboost
Succ, Fri Aug 04 11:08:30 2017, gamSpline
Fail, Fri Aug 04 11:08:34 2017, gaussprLinear
Fail, Fri Aug 04 11:09:08 2017, gaussprPoly
Fail, Fri Aug 04 11:09:38 2017, gaussprRadial
Succ, Fri Aug 04 11:10:16 2017, gbm
Fail, Fri Aug 04 11:11:42 2017, gbm_h2o
Fail, Fri Aug 04 11:11:46 2017, gcvEarth
Fail, Fri Aug 04 11:11:51 2017, glm
Fail, Fri Aug 04 11:11:58 2017, glm.nb
Succ, Fri Aug 04 11:12:52 2017, glmboost
Succ, Fri Aug 04 11:13:02 2017, glmnet
Fail, Fri Aug 04 11:14:25 2017, glmnet_h2o
Fail, Fri Aug 04 11:14:35 2017, glmStepAIC
Succ, Fri Aug 04 11:14:49 2017, icr
Succ, Fri Aug 04 11:15:00 2017, kernelpls
Succ, Fri Aug 04 11:15:29 2017, kknn
Succ, Fri Aug 04 11:15:44 2017, knn
Fail, Fri Aug 04 11:15:56 2017, krlsPoly
Fail, Fri Aug 04 11:16:08 2017, krlsRadial
Succ, Fri Aug 04 11:16:25 2017, lars
Succ, Fri Aug 04 11:16:34 2017, lars2
Fail, Fri Aug 04 11:16:43 2017, lasso
Succ, Fri Aug 04 11:16:53 2017, leapBackward
Succ, Fri Aug 04 11:17:07 2017, leapForward
Succ, Fri Aug 04 11:17:24 2017, leapSeq
Fail, Fri Aug 04 11:17:27 2017, lm
Fail, Fri Aug 04 11:17:35 2017, lmStepAIC
Fail, Fri Aug 04 11:17:46 2017, logicBag
Fail, Fri Aug 04 11:17:56 2017, logreg
Fail, Fri Aug 04 11:17:57 2017, M5
Fail, Fri Aug 04 11:17:58 2017, M5Rules
Fail, Fri Aug 04 11:18:23 2017, msaenet
Fail, Fri Aug 04 12:21:35 2017, neuralnet
Succ, Fri Aug 04 12:21:57 2017, nnet
Fail, Fri Aug 04 12:22:00 2017, nnls
Fail, Fri Aug 04 12:22:00 2017, ordinalNet
Succ, Fri Aug 04 12:22:31 2017, parRF
Succ, Fri Aug 04 12:26:19 2017, partDSA
Succ, Fri Aug 04 12:26:40 2017, pcaNNet
Succ, Fri Aug 04 12:26:50 2017, pcr
Fail, Fri Aug 04 12:27:21 2017, plsRglm
Succ, Fri Aug 04 12:27:29 2017, ppr
Succ, Fri Aug 04 12:28:34 2017, qrf
Fail, Fri Aug 04 12:28:44 2017, qrnn
Fail, Fri Aug 04 12:28:45 2017, randomGLM
Succ, Fri Aug 04 12:29:00 2017, ranger
Succ, Fri Aug 04 12:29:57 2017, Rborist
Succ, Fri Aug 04 12:30:08 2017, relaxo
Succ, Fri Aug 04 12:30:22 2017, rf
Fail, Fri Aug 04 12:30:29 2017, ridge
Fail, Fri Aug 04 12:30:35 2017, rlm
Succ, Fri Aug 04 12:30:45 2017, rpart
Fail, Fri Aug 04 12:30:48 2017, rpart1SE
Succ, Fri Aug 04 12:30:57 2017, rpart2
Fail, Fri Aug 04 12:30:58 2017, rqlasso
Fail, Fri Aug 04 12:30:59 2017, rqnc
Succ, Fri Aug 04 12:31:29 2017, RRF
Succ, Fri Aug 04 12:32:01 2017, RRFglobal
Fail, Fri Aug 04 12:32:04 2017, rvmLinear
Fail, Fri Aug 04 12:32:19 2017, rvmPoly
Fail, Fri Aug 04 12:32:43 2017, rvmRadial
Fail, Fri Aug 04 12:32:55 2017, SBC
Succ, Fri Aug 04 12:33:06 2017, simpls
Fail, Fri Aug 04 12:34:32 2017, spikeslab
Fail, Fri Aug 04 12:34:39 2017, spls
Fail, Fri Aug 04 12:34:44 2017, superpc
Fail, Fri Aug 04 12:34:45 2017, svmBoundrangeString
Fail, Fri Aug 04 12:34:46 2017, svmExpoString
Succ, Fri Aug 04 12:35:30 2017, svmLinear
Succ, Fri Aug 04 12:36:03 2017, svmLinear2
Succ, Fri Aug 04 12:36:18 2017, svmLinear3
Succ, Fri Aug 04 12:36:35 2017, svmPoly
Succ, Fri Aug 04 12:36:48 2017, svmRadial
Succ, Fri Aug 04 12:37:01 2017, svmRadialCost
Succ, Fri Aug 04 12:37:10 2017, svmRadialSigma
Fail, Fri Aug 04 12:37:11 2017, svmSpectrumString
Fail, Fri Aug 04 12:37:20 2017, treebag
Succ, Fri Aug 04 12:37:27 2017, widekernelpls
Fail, Fri Aug 04 12:38:10 2017, WM
Succ, Fri Aug 04 12:38:28 2017, xgbLinear
Succ, Fri Aug 04 12:40:50 2017, xgbTree
Fail, Fri Aug 04 12:41:00 2017, xyf
Succ, Fri Aug 04 12:43:09 2017, avNNet
Fail, Fri Aug 04 12:43:12 2017, bag
Succ, Fri Aug 04 12:45:47 2017, bagEarth
Fail, Fri Aug 04 12:46:11 2017, bagEarthGCV
Fail, Fri Aug 04 12:46:18 2017, bam
Fail, Fri Aug 04 12:46:20 2017, bartMachine
Fail, Fri Aug 04 12:46:23 2017, bayesglm
Fail, Fri Aug 04 12:46:35 2017, blackboost
Fail, Fri Aug 04 12:46:55 2017, blasso
Fail, Fri Aug 04 12:47:09 2017, blassoAveraged
Fail, Fri Aug 04 12:47:20 2017, bridge
Succ, Fri Aug 04 12:48:49 2017, BstLm
Fail, Fri Aug 04 12:49:02 2017, bstSm
Succ, Fri Aug 04 13:04:35 2017, bstTree
Succ, Fri Aug 04 13:04:46 2017, cforest
Succ, Fri Aug 04 13:05:11 2017, ctree
Succ, Fri Aug 04 13:05:44 2017, ctree2
Fail, Fri Aug 04 13:07:52 2017, cubist
Fail, Fri Aug 04 13:08:00 2017, DENFIS
Succ, Fri Aug 04 13:08:21 2017, dnn
Succ, Fri Aug 04 13:08:36 2017, earth
Succ, Fri Aug 04 13:08:42 2017, elm
Fail, Fri Aug 04 13:08:50 2017, enet
Succ, Fri Aug 04 13:17:58 2017, evtree
Fail, Fri Aug 04 13:17:59 2017, extraTrees
Fail, Fri Aug 04 13:18:08 2017, foba
Fail, Fri Aug 04 13:18:17 2017, gam
Fail, Fri Aug 04 13:18:29 2017, gamboost
Succ, Fri Aug 04 13:19:01 2017, gamSpline
Fail, Fri Aug 04 13:19:05 2017, gaussprLinear
Fail, Fri Aug 04 13:19:30 2017, gaussprPoly
Fail, Fri Aug 04 13:19:54 2017, gaussprRadial
Succ, Fri Aug 04 13:20:41 2017, gbm
Fail, Fri Aug 04 13:22:05 2017, gbm_h2o
Fail, Fri Aug 04 13:22:09 2017, gcvEarth
Fail, Fri Aug 04 13:22:13 2017, glm
Fail, Fri Aug 04 13:22:19 2017, glm.nb
Succ, Fri Aug 04 13:22:32 2017, glmboost
Succ, Fri Aug 04 13:22:45 2017, glmnet
Fail, Fri Aug 04 13:23:49 2017, glmnet_h2o
Fail, Fri Aug 04 13:23:55 2017, glmStepAIC
Succ, Fri Aug 04 13:24:23 2017, icr
Succ, Fri Aug 04 13:24:33 2017, kernelpls
Succ, Fri Aug 04 13:24:50 2017, kknn
Succ, Fri Aug 04 13:24:59 2017, knn
Fail, Fri Aug 04 13:25:07 2017, krlsPoly
Fail, Fri Aug 04 13:25:15 2017, krlsRadial
Succ, Fri Aug 04 13:25:26 2017, lars
Succ, Fri Aug 04 13:25:37 2017, lars2
Fail, Fri Aug 04 13:25:43 2017, lasso
Succ, Fri Aug 04 13:25:56 2017, leapBackward
Succ, Fri Aug 04 13:26:09 2017, leapForward
Succ, Fri Aug 04 13:26:21 2017, leapSeq
Fail, Fri Aug 04 13:26:24 2017, lm
Fail, Fri Aug 04 13:26:30 2017, lmStepAIC
Fail, Fri Aug 04 13:26:38 2017, logicBag
Fail, Fri Aug 04 13:26:45 2017, logreg
Fail, Fri Aug 04 13:26:46 2017, M5
Fail, Fri Aug 04 13:26:47 2017, M5Rules
Succ, Fri Aug 04 13:27:02 2017, msaenet
Succ, Fri Aug 04 13:27:55 2017, neuralnet
Succ, Fri Aug 04 13:28:29 2017, nnet
Fail, Fri Aug 04 13:28:32 2017, nnls
Fail, Fri Aug 04 13:28:33 2017, ordinalNet
Succ, Fri Aug 04 13:28:46 2017, parRF
Fail, Fri Aug 04 13:31:43 2017, partDSA
Succ, Fri Aug 04 13:32:16 2017, pcaNNet
Succ, Fri Aug 04 13:32:27 2017, pcr
Fail, Fri Aug 04 13:33:02 2017, plsRglm
Succ, Fri Aug 04 13:33:27 2017, ppr
Succ, Fri Aug 04 13:34:12 2017, qrf
Fail, Fri Aug 04 13:34:23 2017, qrnn
Fail, Fri Aug 04 13:34:23 2017, randomGLM
Succ, Fri Aug 04 13:34:29 2017, ranger
Succ, Fri Aug 04 13:35:16 2017, Rborist
Succ, Fri Aug 04 13:35:31 2017, relaxo
Succ, Fri Aug 04 13:35:40 2017, rf
Fail, Fri Aug 04 13:35:48 2017, ridge
Fail, Fri Aug 04 13:35:55 2017, rlm
Succ, Fri Aug 04 13:35:59 2017, rpart
Fail, Fri Aug 04 13:36:03 2017, rpart1SE
Fail, Fri Aug 04 13:36:06 2017, rpart2
Fail, Fri Aug 04 13:36:07 2017, rqlasso
Fail, Fri Aug 04 13:36:08 2017, rqnc
Succ, Fri Aug 04 13:36:36 2017, RRF
Succ, Fri Aug 04 13:36:55 2017, RRFglobal
Fail, Fri Aug 04 13:36:58 2017, rvmLinear
Fail, Fri Aug 04 13:37:26 2017, rvmPoly
Fail, Fri Aug 04 13:38:10 2017, rvmRadial
Fail, Fri Aug 04 13:38:17 2017, SBC
Succ, Fri Aug 04 13:38:28 2017, simpls
Fail, Fri Aug 04 13:40:23 2017, spikeslab
Fail, Fri Aug 04 13:40:31 2017, spls
Fail, Fri Aug 04 13:40:37 2017, superpc
Fail, Fri Aug 04 13:40:38 2017, svmBoundrangeString
Fail, Fri Aug 04 13:40:39 2017, svmExpoString
Succ, Fri Aug 04 13:41:13 2017, svmLinear
Succ, Fri Aug 04 13:42:42 2017, svmLinear2
Succ, Fri Aug 04 13:42:59 2017, svmLinear3
Succ, Fri Aug 04 13:43:21 2017, svmPoly
Succ, Fri Aug 04 13:43:37 2017, svmRadial
Succ, Fri Aug 04 13:43:52 2017, svmRadialCost
Succ, Fri Aug 04 13:44:00 2017, svmRadialSigma
Fail, Fri Aug 04 13:44:01 2017, svmSpectrumString
Fail, Fri Aug 04 13:44:09 2017, treebag
Succ, Fri Aug 04 13:44:20 2017, widekernelpls
Fail, Fri Aug 04 13:45:06 2017, WM
Succ, Fri Aug 04 13:45:19 2017, xgbLinear
Succ, Fri Aug 04 13:46:14 2017, xgbTree
Fail, Fri Aug 04 13:46:22 2017, xyf
Succ, Fri Aug 04 13:48:43 2017, avNNet
Fail, Fri Aug 04 13:48:47 2017, bag
Succ, Fri Aug 04 13:50:59 2017, bagEarth
Fail, Fri Aug 04 13:51:25 2017, bagEarthGCV
Fail, Fri Aug 04 13:51:32 2017, bam
Fail, Fri Aug 04 13:51:34 2017, bartMachine
Fail, Fri Aug 04 13:51:37 2017, bayesglm
Fail, Fri Aug 04 13:51:47 2017, blackboost
Fail, Fri Aug 04 13:52:11 2017, blasso
Fail, Fri Aug 04 13:52:26 2017, blassoAveraged
Fail, Fri Aug 04 13:52:37 2017, bridge
Succ, Fri Aug 04 13:56:10 2017, BstLm
Fail, Fri Aug 04 13:56:32 2017, bstSm
Succ, Fri Aug 04 14:05:49 2017, bstTree
Succ, Fri Aug 04 14:06:22 2017, cforest
Succ, Fri Aug 04 14:06:42 2017, ctree
Succ, Fri Aug 04 14:07:05 2017, ctree2
Succ, Fri Aug 04 14:09:54 2017, cubist
Fail, Fri Aug 04 14:10:04 2017, DENFIS
Succ, Fri Aug 04 14:10:25 2017, dnn
Succ, Fri Aug 04 14:10:36 2017, earth
Succ, Fri Aug 04 14:10:50 2017, elm
Fail, Fri Aug 04 14:10:59 2017, enet
Succ, Fri Aug 04 14:15:37 2017, evtree
Fail, Fri Aug 04 14:15:38 2017, extraTrees
Succ, Fri Aug 04 14:15:50 2017, foba
Fail, Fri Aug 04 14:15:58 2017, gam
Fail, Fri Aug 04 14:16:06 2017, gamboost
Succ, Fri Aug 04 14:16:34 2017, gamSpline
Fail, Fri Aug 04 14:16:37 2017, gaussprLinear
Fail, Fri Aug 04 14:16:58 2017, gaussprPoly
Fail, Fri Aug 04 14:17:17 2017, gaussprRadial
Succ, Fri Aug 04 14:17:35 2017, gbm
Fail, Fri Aug 04 14:18:47 2017, gbm_h2o
Fail, Fri Aug 04 14:18:51 2017, gcvEarth
Fail, Fri Aug 04 14:18:54 2017, glm
Fail, Fri Aug 04 14:19:00 2017, glm.nb
Succ, Fri Aug 04 14:19:37 2017, glmboost
Succ, Fri Aug 04 14:19:47 2017, glmnet
Fail, Fri Aug 04 14:20:59 2017, glmnet_h2o
Fail, Fri Aug 04 14:21:07 2017, glmStepAIC
Succ, Fri Aug 04 14:21:33 2017, icr
Succ, Fri Aug 04 14:21:43 2017, kernelpls
Succ, Fri Aug 04 14:22:05 2017, kknn
Succ, Fri Aug 04 14:22:16 2017, knn
Fail, Fri Aug 04 14:22:25 2017, krlsPoly
Fail, Fri Aug 04 14:22:33 2017, krlsRadial
Succ, Fri Aug 04 14:22:46 2017, lars
Succ, Fri Aug 04 14:22:57 2017, lars2
Fail, Fri Aug 04 14:23:03 2017, lasso
Succ, Fri Aug 04 14:23:13 2017, leapBackward
Succ, Fri Aug 04 14:23:20 2017, leapForward
Succ, Fri Aug 04 14:23:26 2017, leapSeq
Fail, Fri Aug 04 14:23:29 2017, lm
Fail, Fri Aug 04 14:23:36 2017, lmStepAIC
Fail, Fri Aug 04 14:23:43 2017, logicBag
Fail, Fri Aug 04 14:23:53 2017, logreg
Fail, Fri Aug 04 14:23:54 2017, M5
Fail, Fri Aug 04 14:23:56 2017, M5Rules
Succ, Fri Aug 04 14:24:50 2017, msaenet
Succ, Fri Aug 04 14:26:05 2017, neuralnet
Succ, Fri Aug 04 14:26:26 2017, nnet
Fail, Fri Aug 04 14:26:28 2017, nnls
Fail, Fri Aug 04 14:26:29 2017, ordinalNet
Succ, Fri Aug 04 14:26:37 2017, parRF
Succ, Fri Aug 04 14:31:15 2017, partDSA
Succ, Fri Aug 04 14:31:47 2017, pcaNNet
Succ, Fri Aug 04 14:31:56 2017, pcr
Fail, Fri Aug 04 14:32:28 2017, plsRglm
Succ, Fri Aug 04 14:32:43 2017, ppr
Succ, Fri Aug 04 14:33:19 2017, qrf
Fail, Fri Aug 04 14:33:29 2017, qrnn
Fail, Fri Aug 04 14:33:30 2017, randomGLM
Succ, Fri Aug 04 14:33:48 2017, ranger
Succ, Fri Aug 04 14:36:10 2017, Rborist
Succ, Fri Aug 04 14:36:26 2017, relaxo
Succ, Fri Aug 04 14:36:34 2017, rf
Fail, Fri Aug 04 14:36:41 2017, ridge
Fail, Fri Aug 04 14:36:48 2017, rlm
Succ, Fri Aug 04 14:36:59 2017, rpart
Fail, Fri Aug 04 14:37:03 2017, rpart1SE
Succ, Fri Aug 04 14:37:13 2017, rpart2
Fail, Fri Aug 04 14:37:14 2017, rqlasso
Fail, Fri Aug 04 14:37:15 2017, rqnc
Succ, Fri Aug 04 14:38:03 2017, RRF
Succ, Fri Aug 04 14:38:37 2017, RRFglobal
Fail, Fri Aug 04 14:38:41 2017, rvmLinear
Fail, Fri Aug 04 14:39:12 2017, rvmPoly
Fail, Fri Aug 04 14:39:52 2017, rvmRadial
Fail, Fri Aug 04 14:40:00 2017, SBC
Succ, Fri Aug 04 14:40:12 2017, simpls
Fail, Fri Aug 04 14:41:59 2017, spikeslab
Fail, Fri Aug 04 14:42:11 2017, spls
Fail, Fri Aug 04 14:42:20 2017, superpc
Fail, Fri Aug 04 14:42:21 2017, svmBoundrangeString
Fail, Fri Aug 04 14:42:22 2017, svmExpoString
Succ, Fri Aug 04 14:43:04 2017, svmLinear
Succ, Fri Aug 04 14:44:24 2017, svmLinear2
Succ, Fri Aug 04 14:44:42 2017, svmLinear3
Succ, Fri Aug 04 14:45:25 2017, svmPoly
Succ, Fri Aug 04 14:45:42 2017, svmRadial
Succ, Fri Aug 04 14:46:05 2017, svmRadialCost
Succ, Fri Aug 04 14:46:29 2017, svmRadialSigma
Fail, Fri Aug 04 14:46:30 2017, svmSpectrumString
Fail, Fri Aug 04 14:46:40 2017, treebag
Succ, Fri Aug 04 14:46:54 2017, widekernelpls
Fail, Fri Aug 04 14:47:59 2017, WM
Succ, Fri Aug 04 14:48:42 2017, xgbLinear
Succ, Fri Aug 04 14:50:02 2017, xgbTree
Fail, Fri Aug 04 14:50:14 2017, xyf
Succ, Fri Aug 04 14:52:41 2017, avNNet
Fail, Fri Aug 04 14:52:44 2017, bag
Succ, Fri Aug 04 14:57:31 2017, bagEarth
Fail, Fri Aug 04 14:58:05 2017, bagEarthGCV
Fail, Fri Aug 04 14:58:18 2017, bam
Fail, Fri Aug 04 14:58:19 2017, bartMachine
Fail, Fri Aug 04 14:58:24 2017, bayesglm
Fail, Fri Aug 04 14:58:40 2017, blackboost
Fail, Fri Aug 04 14:59:15 2017, blasso
Fail, Fri Aug 04 14:59:36 2017, blassoAveraged
Fail, Fri Aug 04 14:59:53 2017, bridge
Succ, Fri Aug 04 15:03:34 2017, BstLm
Fail, Fri Aug 04 15:03:50 2017, bstSm
Succ, Fri Aug 04 15:21:48 2017, bstTree
Succ, Fri Aug 04 15:22:18 2017, cforest
Succ, Fri Aug 04 15:22:39 2017, ctree
Succ, Fri Aug 04 15:23:00 2017, ctree2
Succ, Fri Aug 04 15:24:40 2017, cubist
Fail, Fri Aug 04 15:24:47 2017, DENFIS
Succ, Fri Aug 04 15:25:05 2017, dnn
Succ, Fri Aug 04 15:25:18 2017, earth
Succ, Fri Aug 04 15:25:31 2017, elm
Fail, Fri Aug 04 15:25:39 2017, enet
Succ, Fri Aug 04 15:27:42 2017, evtree
Fail, Fri Aug 04 15:27:43 2017, extraTrees
Succ, Fri Aug 04 15:27:50 2017, foba
Fail, Fri Aug 04 15:27:58 2017, gam
Fail, Fri Aug 04 15:28:05 2017, gamboost
Succ, Fri Aug 04 15:28:18 2017, gamSpline
Fail, Fri Aug 04 15:28:21 2017, gaussprLinear
Fail, Fri Aug 04 15:28:42 2017, gaussprPoly
Fail, Fri Aug 04 15:29:05 2017, gaussprRadial
Succ, Fri Aug 04 15:29:31 2017, gbm
Fail, Fri Aug 04 15:30:51 2017, gbm_h2o
Fail, Fri Aug 04 15:30:54 2017, gcvEarth
Fail, Fri Aug 04 15:30:58 2017, glm
Fail, Fri Aug 04 15:31:04 2017, glm.nb
Succ, Fri Aug 04 15:31:33 2017, glmboost
Succ, Fri Aug 04 15:31:57 2017, glmnet
Fail, Fri Aug 04 15:33:16 2017, glmnet_h2o
Fail, Fri Aug 04 15:33:22 2017, glmStepAIC
Succ, Fri Aug 04 15:33:52 2017, icr
Succ, Fri Aug 04 15:34:06 2017, kernelpls
Succ, Fri Aug 04 15:34:29 2017, kknn
Succ, Fri Aug 04 15:34:45 2017, knn
Fail, Fri Aug 04 15:34:54 2017, krlsPoly
Fail, Fri Aug 04 15:35:02 2017, krlsRadial
Succ, Fri Aug 04 15:35:16 2017, lars
Succ, Fri Aug 04 15:35:23 2017, lars2
Fail, Fri Aug 04 15:35:30 2017, lasso
Succ, Fri Aug 04 15:35:34 2017, leapBackward
Succ, Fri Aug 04 15:35:37 2017, leapForward
Succ, Fri Aug 04 15:35:46 2017, leapSeq
Fail, Fri Aug 04 15:35:49 2017, lm
Fail, Fri Aug 04 15:35:55 2017, lmStepAIC
Fail, Fri Aug 04 15:36:04 2017, logicBag
Fail, Fri Aug 04 15:36:12 2017, logreg
Fail, Fri Aug 04 15:36:13 2017, M5
Fail, Fri Aug 04 15:36:14 2017, M5Rules
Succ, Fri Aug 04 15:37:19 2017, msaenet
Succ, Fri Aug 04 15:52:53 2017, neuralnet
Succ, Fri Aug 04 15:53:16 2017, nnet
Fail, Fri Aug 04 15:53:18 2017, nnls
Fail, Fri Aug 04 15:53:19 2017, ordinalNet
Succ, Fri Aug 04 15:54:08 2017, parRF
Succ, Fri Aug 04 15:57:14 2017, partDSA
Succ, Fri Aug 04 15:57:39 2017, pcaNNet
Succ, Fri Aug 04 15:57:53 2017, pcr
Fail, Fri Aug 04 16:00:53 2017, plsRglm
Succ, Fri Aug 04 16:01:14 2017, ppr
Succ, Fri Aug 04 16:02:18 2017, qrf
Fail, Fri Aug 04 16:03:20 2017, qrnn
Fail, Fri Aug 04 16:03:21 2017, randomGLM
Succ, Fri Aug 04 16:03:37 2017, ranger
Succ, Fri Aug 04 16:06:58 2017, Rborist
Succ, Fri Aug 04 16:07:10 2017, relaxo
Succ, Fri Aug 04 16:07:28 2017, rf
Fail, Fri Aug 04 16:07:35 2017, ridge
Fail, Fri Aug 04 16:07:41 2017, rlm
Succ, Fri Aug 04 16:07:50 2017, rpart
Fail, Fri Aug 04 16:07:53 2017, rpart1SE
Succ, Fri Aug 04 16:08:02 2017, rpart2
Fail, Fri Aug 04 16:08:03 2017, rqlasso
Fail, Fri Aug 04 16:08:03 2017, rqnc
Succ, Fri Aug 04 16:08:38 2017, RRF
Succ, Fri Aug 04 16:09:08 2017, RRFglobal
Fail, Fri Aug 04 16:09:11 2017, rvmLinear
Fail, Fri Aug 04 16:09:42 2017, rvmPoly
Fail, Fri Aug 04 16:10:07 2017, rvmRadial
Fail, Fri Aug 04 16:10:14 2017, SBC
Succ, Fri Aug 04 16:10:21 2017, simpls
Fail, Fri Aug 04 16:11:36 2017, spikeslab
Fail, Fri Aug 04 16:11:42 2017, spls
Fail, Fri Aug 04 16:11:47 2017, superpc
Fail, Fri Aug 04 16:11:47 2017, svmBoundrangeString
Fail, Fri Aug 04 16:11:48 2017, svmExpoString
Succ, Fri Aug 04 16:12:49 2017, svmLinear
Succ, Fri Aug 04 16:13:21 2017, svmLinear2
Succ, Fri Aug 04 16:13:33 2017, svmLinear3
Succ, Fri Aug 04 16:13:45 2017, svmPoly
Succ, Fri Aug 04 16:13:56 2017, svmRadial
Succ, Fri Aug 04 16:14:07 2017, svmRadialCost
Succ, Fri Aug 04 16:14:19 2017, svmRadialSigma
Fail, Fri Aug 04 16:14:19 2017, svmSpectrumString
Fail, Fri Aug 04 16:14:26 2017, treebag
Succ, Fri Aug 04 16:14:29 2017, widekernelpls
Fail, Fri Aug 04 16:15:10 2017, WM
Succ, Fri Aug 04 16:15:20 2017, xgbLinear
Succ, Fri Aug 04 16:17:04 2017, xgbTree
Fail, Fri Aug 04 16:17:12 2017, xyf
Succ, Fri Aug 04 16:19:26 2017, avNNet
Fail, Fri Aug 04 16:19:29 2017, bag
Succ, Fri Aug 04 16:21:47 2017, bagEarth
Fail, Fri Aug 04 16:22:14 2017, bagEarthGCV
Fail, Fri Aug 04 16:22:22 2017, bam
Fail, Fri Aug 04 16:22:23 2017, bartMachine
Fail, Fri Aug 04 16:22:27 2017, bayesglm
Fail, Fri Aug 04 16:22:39 2017, blackboost
Fail, Fri Aug 04 16:23:00 2017, blasso
Fail, Fri Aug 04 16:23:14 2017, blassoAveraged
Fail, Fri Aug 04 16:23:26 2017, bridge
Succ, Fri Aug 04 16:29:55 2017, BstLm
Fail, Fri Aug 04 16:30:06 2017, bstSm
Succ, Fri Aug 04 16:42:33 2017, bstTree
Succ, Fri Aug 04 16:42:54 2017, cforest
Succ, Fri Aug 04 16:43:03 2017, ctree
Succ, Fri Aug 04 16:43:16 2017, ctree2
Succ, Fri Aug 04 16:44:30 2017, cubist
Fail, Fri Aug 04 16:44:37 2017, DENFIS
Succ, Fri Aug 04 16:44:53 2017, dnn
Succ, Fri Aug 04 16:45:03 2017, earth
Succ, Fri Aug 04 16:45:07 2017, elm
Fail, Fri Aug 04 16:45:13 2017, enet
Succ, Fri Aug 04 16:46:54 2017, evtree
Fail, Fri Aug 04 16:46:55 2017, extraTrees
Succ, Fri Aug 04 16:47:07 2017, foba
Fail, Fri Aug 04 16:47:13 2017, gam
Fail, Fri Aug 04 16:47:20 2017, gamboost
Succ, Fri Aug 04 16:47:41 2017, gamSpline
Fail, Fri Aug 04 16:47:44 2017, gaussprLinear
Fail, Fri Aug 04 16:48:02 2017, gaussprPoly
Fail, Fri Aug 04 16:48:16 2017, gaussprRadial
Succ, Fri Aug 04 16:48:35 2017, gbm
Fail, Fri Aug 04 16:49:34 2017, gbm_h2o
Fail, Fri Aug 04 16:49:37 2017, gcvEarth
Fail, Fri Aug 04 16:49:39 2017, glm
Fail, Fri Aug 04 16:49:44 2017, glm.nb
Succ, Fri Aug 04 16:50:10 2017, glmboost
Succ, Fri Aug 04 16:50:25 2017, glmnet
Fail, Fri Aug 04 16:51:25 2017, glmnet_h2o
Fail, Fri Aug 04 16:51:31 2017, glmStepAIC
Succ, Fri Aug 04 16:51:56 2017, icr
Succ, Fri Aug 04 16:52:03 2017, kernelpls
Succ, Fri Aug 04 16:52:14 2017, kknn
Succ, Fri Aug 04 16:52:23 2017, knn
Fail, Fri Aug 04 16:52:30 2017, krlsPoly
Fail, Fri Aug 04 16:52:37 2017, krlsRadial
Succ, Fri Aug 04 16:52:46 2017, lars
Succ, Fri Aug 04 16:52:55 2017, lars2
Fail, Fri Aug 04 16:53:00 2017, lasso
Succ, Fri Aug 04 16:53:07 2017, leapBackward
Succ, Fri Aug 04 16:53:15 2017, leapForward
Succ, Fri Aug 04 16:53:24 2017, leapSeq
Fail, Fri Aug 04 16:53:27 2017, lm
Fail, Fri Aug 04 16:53:31 2017, lmStepAIC
Fail, Fri Aug 04 16:53:38 2017, logicBag
Fail, Fri Aug 04 16:53:44 2017, logreg
Fail, Fri Aug 04 16:53:45 2017, M5
Fail, Fri Aug 04 16:53:46 2017, M5Rules
Succ, Fri Aug 04 16:54:13 2017, msaenet
Fail, Fri Aug 04 17:36:14 2017, neuralnet
Succ, Fri Aug 04 17:36:29 2017, nnet
Fail, Fri Aug 04 17:36:31 2017, nnls
Fail, Fri Aug 04 17:36:31 2017, ordinalNet
Succ, Fri Aug 04 17:37:10 2017, parRF
Succ, Fri Aug 04 17:43:43 2017, partDSA
Succ, Fri Aug 04 17:44:22 2017, pcaNNet
Succ, Fri Aug 04 17:44:34 2017, pcr
Fail, Fri Aug 04 17:46:34 2017, plsRglm
Succ, Fri Aug 04 17:46:58 2017, ppr
Succ, Fri Aug 04 17:50:30 2017, qrf
Fail, Fri Aug 04 17:50:47 2017, qrnn
Fail, Fri Aug 04 17:50:47 2017, randomGLM
Succ, Fri Aug 04 17:51:10 2017, ranger
Succ, Fri Aug 04 17:54:11 2017, Rborist
Succ, Fri Aug 04 17:54:25 2017, relaxo
Succ, Fri Aug 04 17:54:52 2017, rf
Fail, Fri Aug 04 17:54:59 2017, ridge
Fail, Fri Aug 04 17:55:06 2017, rlm
Succ, Fri Aug 04 17:55:19 2017, rpart
Fail, Fri Aug 04 17:55:22 2017, rpart1SE
Succ, Fri Aug 04 17:55:39 2017, rpart2
Fail, Fri Aug 04 17:55:40 2017, rqlasso
Fail, Fri Aug 04 17:55:40 2017, rqnc
Succ, Fri Aug 04 17:56:41 2017, RRF
Succ, Fri Aug 04 17:57:11 2017, RRFglobal
Fail, Fri Aug 04 17:57:16 2017, rvmLinear
Fail, Fri Aug 04 17:57:45 2017, rvmPoly
Fail, Fri Aug 04 17:58:20 2017, rvmRadial
Fail, Fri Aug 04 17:58:29 2017, SBC
Succ, Fri Aug 04 17:58:33 2017, simpls
Fail, Fri Aug 04 18:00:36 2017, spikeslab
Fail, Fri Aug 04 18:00:45 2017, spls
Fail, Fri Aug 04 18:00:51 2017, superpc
Fail, Fri Aug 04 18:00:51 2017, svmBoundrangeString
Fail, Fri Aug 04 18:00:52 2017, svmExpoString
Succ, Fri Aug 04 18:01:22 2017, svmLinear
Succ, Fri Aug 04 18:02:47 2017, svmLinear2
Succ, Fri Aug 04 18:03:02 2017, svmLinear3
Succ, Fri Aug 04 18:03:09 2017, svmPoly
Succ, Fri Aug 04 18:03:24 2017, svmRadial
Succ, Fri Aug 04 18:03:41 2017, svmRadialCost
Succ, Fri Aug 04 18:03:57 2017, svmRadialSigma
Fail, Fri Aug 04 18:03:57 2017, svmSpectrumString
Fail, Fri Aug 04 18:04:06 2017, treebag
Succ, Fri Aug 04 18:04:17 2017, widekernelpls
Fail, Fri Aug 04 18:04:58 2017, WM
Succ, Fri Aug 04 18:05:22 2017, xgbLinear
Succ, Fri Aug 04 18:07:24 2017, xgbTree
Fail, Fri Aug 04 18:07:38 2017, xyf
Succ, Fri Aug 04 18:09:50 2017, avNNet
Fail, Fri Aug 04 18:09:53 2017, bag
Succ, Fri Aug 04 18:12:14 2017, bagEarth
Fail, Fri Aug 04 18:12:45 2017, bagEarthGCV
Fail, Fri Aug 04 18:12:56 2017, bam
Fail, Fri Aug 04 18:12:57 2017, bartMachine
Fail, Fri Aug 04 18:13:02 2017, bayesglm
Fail, Fri Aug 04 18:13:12 2017, blackboost
Fail, Fri Aug 04 18:13:34 2017, blasso
Fail, Fri Aug 04 18:13:48 2017, blassoAveraged
Fail, Fri Aug 04 18:14:02 2017, bridge
Succ, Fri Aug 04 18:15:42 2017, BstLm
Fail, Fri Aug 04 18:15:54 2017, bstSm
Succ, Fri Aug 04 18:30:12 2017, bstTree
Succ, Fri Aug 04 18:30:28 2017, cforest
Succ, Fri Aug 04 18:30:41 2017, ctree
Succ, Fri Aug 04 18:30:57 2017, ctree2
Succ, Fri Aug 04 18:31:44 2017, cubist
Fail, Fri Aug 04 18:31:52 2017, DENFIS
Succ, Fri Aug 04 18:32:11 2017, dnn
Succ, Fri Aug 04 18:32:16 2017, earth
Succ, Fri Aug 04 18:32:28 2017, elm
Fail, Fri Aug 04 18:32:36 2017, enet
Succ, Fri Aug 04 18:39:36 2017, evtree
Fail, Fri Aug 04 18:39:37 2017, extraTrees
Fail, Fri Aug 04 18:39:50 2017, foba
Fail, Fri Aug 04 18:39:59 2017, gam
Fail, Fri Aug 04 18:40:08 2017, gamboost
Succ, Fri Aug 04 18:40:47 2017, gamSpline
Fail, Fri Aug 04 18:40:51 2017, gaussprLinear
Fail, Fri Aug 04 18:41:21 2017, gaussprPoly
Fail, Fri Aug 04 18:41:40 2017, gaussprRadial
Succ, Fri Aug 04 18:42:11 2017, gbm
Fail, Fri Aug 04 18:43:16 2017, gbm_h2o
Fail, Fri Aug 04 18:43:19 2017, gcvEarth
Fail, Fri Aug 04 18:43:22 2017, glm
Fail, Fri Aug 04 18:43:28 2017, glm.nb
Succ, Fri Aug 04 18:44:13 2017, glmboost
Succ, Fri Aug 04 18:44:30 2017, glmnet
Fail, Fri Aug 04 18:45:43 2017, glmnet_h2o
Fail, Fri Aug 04 18:45:49 2017, glmStepAIC
Succ, Fri Aug 04 18:46:15 2017, icr
Succ, Fri Aug 04 18:46:24 2017, kernelpls
Succ, Fri Aug 04 18:46:40 2017, kknn
Succ, Fri Aug 04 18:46:48 2017, knn
Fail, Fri Aug 04 18:46:56 2017, krlsPoly
Fail, Fri Aug 04 18:47:04 2017, krlsRadial
Succ, Fri Aug 04 18:47:19 2017, lars
Succ, Fri Aug 04 18:47:34 2017, lars2
Fail, Fri Aug 04 18:47:39 2017, lasso
Succ, Fri Aug 04 18:47:49 2017, leapBackward
Succ, Fri Aug 04 18:47:58 2017, leapForward
Succ, Fri Aug 04 18:48:08 2017, leapSeq
Fail, Fri Aug 04 18:48:11 2017, lm
Fail, Fri Aug 04 18:48:16 2017, lmStepAIC
Fail, Fri Aug 04 18:48:24 2017, logicBag
Fail, Fri Aug 04 18:48:31 2017, logreg
Fail, Fri Aug 04 18:48:32 2017, M5
Fail, Fri Aug 04 18:48:33 2017, M5Rules
Succ, Fri Aug 04 18:49:39 2017, msaenet
Succ, Fri Aug 04 19:19:42 2017, neuralnet
Succ, Fri Aug 04 19:20:04 2017, nnet
Fail, Fri Aug 04 19:20:06 2017, nnls
Fail, Fri Aug 04 19:20:07 2017, ordinalNet
Succ, Fri Aug 04 19:20:39 2017, parRF
Succ, Fri Aug 04 19:28:52 2017, partDSA
Succ, Fri Aug 04 19:29:18 2017, pcaNNet
Succ, Fri Aug 04 19:29:29 2017, pcr
Fail, Fri Aug 04 19:33:00 2017, plsRglm
Succ, Fri Aug 04 19:33:09 2017, ppr
Succ, Fri Aug 04 19:36:17 2017, qrf
Fail, Fri Aug 04 19:36:27 2017, qrnn
Fail, Fri Aug 04 19:36:28 2017, randomGLM
Succ, Fri Aug 04 19:36:45 2017, ranger
Succ, Fri Aug 04 19:40:41 2017, Rborist
Succ, Fri Aug 04 19:40:48 2017, relaxo
Succ, Fri Aug 04 19:41:15 2017, rf
Fail, Fri Aug 04 19:41:26 2017, ridge
Fail, Fri Aug 04 19:41:34 2017, rlm
Succ, Fri Aug 04 19:41:46 2017, rpart
Fail, Fri Aug 04 19:41:50 2017, rpart1SE
Succ, Fri Aug 04 19:42:00 2017, rpart2
Fail, Fri Aug 04 19:42:02 2017, rqlasso
Fail, Fri Aug 04 19:42:03 2017, rqnc
Succ, Fri Aug 04 19:42:57 2017, RRF
Succ, Fri Aug 04 19:43:29 2017, RRFglobal
Fail, Fri Aug 04 19:43:33 2017, rvmLinear
Fail, Fri Aug 04 19:44:17 2017, rvmPoly
Fail, Fri Aug 04 19:45:01 2017, rvmRadial
Fail, Fri Aug 04 19:45:09 2017, SBC
Succ, Fri Aug 04 19:45:18 2017, simpls
Fail, Fri Aug 04 19:46:56 2017, spikeslab
Fail, Fri Aug 04 19:47:04 2017, spls
Fail, Fri Aug 04 19:47:10 2017, superpc
Fail, Fri Aug 04 19:47:11 2017, svmBoundrangeString
Fail, Fri Aug 04 19:47:11 2017, svmExpoString
Succ, Fri Aug 04 19:48:33 2017, svmLinear
Succ, Fri Aug 04 19:48:50 2017, svmLinear2
Succ, Fri Aug 04 19:49:04 2017, svmLinear3
Succ, Fri Aug 04 19:49:19 2017, svmPoly
Succ, Fri Aug 04 19:49:32 2017, svmRadial
Succ, Fri Aug 04 19:49:49 2017, svmRadialCost
Succ, Fri Aug 04 19:50:02 2017, svmRadialSigma
Fail, Fri Aug 04 19:50:03 2017, svmSpectrumString
Fail, Fri Aug 04 19:50:12 2017, treebag
Succ, Fri Aug 04 19:50:23 2017, widekernelpls
Fail, Fri Aug 04 19:51:07 2017, WM
Succ, Fri Aug 04 19:51:27 2017, xgbLinear
Succ, Fri Aug 04 19:53:28 2017, xgbTree
Fail, Fri Aug 04 19:53:39 2017, xyf
Succ, Fri Aug 04 19:55:55 2017, avNNet
Fail, Fri Aug 04 19:55:58 2017, bag
Succ, Fri Aug 04 19:58:08 2017, bagEarth
Fail, Fri Aug 04 19:58:34 2017, bagEarthGCV
Fail, Fri Aug 04 19:58:42 2017, bam
Fail, Fri Aug 04 19:58:43 2017, bartMachine
Fail, Fri Aug 04 19:58:46 2017, bayesglm
Fail, Fri Aug 04 19:58:58 2017, blackboost
Fail, Fri Aug 04 19:59:20 2017, blasso
Fail, Fri Aug 04 19:59:34 2017, blassoAveraged
Fail, Fri Aug 04 19:59:45 2017, bridge
Succ, Fri Aug 04 20:03:31 2017, BstLm
Fail, Fri Aug 04 20:03:43 2017, bstSm
Succ, Fri Aug 04 20:17:40 2017, bstTree
Succ, Fri Aug 04 20:18:15 2017, cforest
Succ, Fri Aug 04 20:18:33 2017, ctree
Succ, Fri Aug 04 20:18:49 2017, ctree2
Succ, Fri Aug 04 20:20:04 2017, cubist
Fail, Fri Aug 04 20:20:13 2017, DENFIS
Succ, Fri Aug 04 20:20:31 2017, dnn
Succ, Fri Aug 04 20:20:43 2017, earth
Succ, Fri Aug 04 20:20:53 2017, elm
Fail, Fri Aug 04 20:21:00 2017, enet
Succ, Fri Aug 04 20:22:36 2017, evtree
Fail, Fri Aug 04 20:22:38 2017, extraTrees
Succ, Fri Aug 04 20:22:52 2017, foba
Fail, Fri Aug 04 20:22:59 2017, gam
Fail, Fri Aug 04 20:23:06 2017, gamboost
Succ, Fri Aug 04 20:23:38 2017, gamSpline
Fail, Fri Aug 04 20:23:41 2017, gaussprLinear
Fail, Fri Aug 04 20:24:02 2017, gaussprPoly
Fail, Fri Aug 04 20:24:21 2017, gaussprRadial
Succ, Fri Aug 04 20:24:48 2017, gbm
Fail, Fri Aug 04 20:25:54 2017, gbm_h2o
Fail, Fri Aug 04 20:25:58 2017, gcvEarth
Fail, Fri Aug 04 20:26:01 2017, glm
Fail, Fri Aug 04 20:26:07 2017, glm.nb
Succ, Fri Aug 04 20:26:47 2017, glmboost
Succ, Fri Aug 04 20:27:09 2017, glmnet
Fail, Fri Aug 04 20:28:24 2017, glmnet_h2o
Fail, Fri Aug 04 20:28:30 2017, glmStepAIC
Succ, Fri Aug 04 20:28:57 2017, icr
Succ, Fri Aug 04 20:29:08 2017, kernelpls
Succ, Fri Aug 04 20:29:37 2017, kknn
Succ, Fri Aug 04 20:29:54 2017, knn
Fail, Fri Aug 04 20:30:06 2017, krlsPoly
Fail, Fri Aug 04 20:30:17 2017, krlsRadial
Succ, Fri Aug 04 20:30:29 2017, lars
Succ, Fri Aug 04 20:30:37 2017, lars2
Fail, Fri Aug 04 20:30:43 2017, lasso
Succ, Fri Aug 04 20:30:59 2017, leapBackward
Succ, Fri Aug 04 20:31:11 2017, leapForward
Succ, Fri Aug 04 20:31:19 2017, leapSeq
Fail, Fri Aug 04 20:31:22 2017, lm
Fail, Fri Aug 04 20:31:27 2017, lmStepAIC
Fail, Fri Aug 04 20:31:38 2017, logicBag
Fail, Fri Aug 04 20:31:45 2017, logreg
Fail, Fri Aug 04 20:31:46 2017, M5
Fail, Fri Aug 04 20:31:47 2017, M5Rules
Succ, Fri Aug 04 20:32:48 2017, msaenet
Succ, Fri Aug 04 20:34:24 2017, neuralnet
Succ, Fri Aug 04 20:34:43 2017, nnet
Fail, Fri Aug 04 20:34:45 2017, nnls
Fail, Fri Aug 04 20:34:46 2017, ordinalNet
Succ, Fri Aug 04 20:35:10 2017, parRF
Succ, Fri Aug 04 20:42:30 2017, partDSA
Succ, Fri Aug 04 20:42:43 2017, pcaNNet
Succ, Fri Aug 04 20:42:49 2017, pcr
Fail, Fri Aug 04 20:44:37 2017, plsRglm
Succ, Fri Aug 04 20:44:54 2017, ppr
Succ, Fri Aug 04 20:45:53 2017, qrf
Fail, Fri Aug 04 20:46:04 2017, qrnn
Fail, Fri Aug 04 20:46:04 2017, randomGLM
Succ, Fri Aug 04 20:46:29 2017, ranger
Succ, Fri Aug 04 20:49:29 2017, Rborist
Succ, Fri Aug 04 20:49:43 2017, relaxo
Succ, Fri Aug 04 20:50:17 2017, rf
Fail, Fri Aug 04 20:50:26 2017, ridge
Fail, Fri Aug 04 20:50:34 2017, rlm
Succ, Fri Aug 04 20:50:47 2017, rpart
Fail, Fri Aug 04 20:50:51 2017, rpart1SE
Succ, Fri Aug 04 20:51:05 2017, rpart2
Fail, Fri Aug 04 20:51:06 2017, rqlasso
Fail, Fri Aug 04 20:51:08 2017, rqnc
Succ, Fri Aug 04 20:52:24 2017, RRF
Succ, Fri Aug 04 20:52:57 2017, RRFglobal
Fail, Fri Aug 04 20:53:02 2017, rvmLinear
Fail, Fri Aug 04 20:53:28 2017, rvmPoly
Fail, Fri Aug 04 20:54:17 2017, rvmRadial
Fail, Fri Aug 04 20:54:27 2017, SBC
Succ, Fri Aug 04 20:54:41 2017, simpls
Fail, Fri Aug 04 20:56:41 2017, spikeslab
Fail, Fri Aug 04 20:56:50 2017, spls
Fail, Fri Aug 04 20:56:58 2017, superpc
Fail, Fri Aug 04 20:56:59 2017, svmBoundrangeString
Fail, Fri Aug 04 20:56:59 2017, svmExpoString
Succ, Fri Aug 04 20:58:58 2017, svmLinear
Succ, Fri Aug 04 20:59:38 2017, svmLinear2
Succ, Fri Aug 04 20:59:54 2017, svmLinear3
Succ, Fri Aug 04 21:02:23 2017, svmPoly
Succ, Fri Aug 04 21:02:38 2017, svmRadial
Succ, Fri Aug 04 21:02:50 2017, svmRadialCost
Succ, Fri Aug 04 21:03:07 2017, svmRadialSigma
Fail, Fri Aug 04 21:03:08 2017, svmSpectrumString
Fail, Fri Aug 04 21:03:19 2017, treebag
Succ, Fri Aug 04 21:03:34 2017, widekernelpls
Fail, Fri Aug 04 21:04:34 2017, WM
Succ, Fri Aug 04 21:05:06 2017, xgbLinear
Succ, Fri Aug 04 21:08:17 2017, xgbTree
Fail, Fri Aug 04 21:08:30 2017, xyf
