,,,,,,,,,,,,,,,,,,,,,,,,,,,,,,,,,,,,,,,,,,,,,,,,,,,,,,,,,,,,,,,,,,,,,,,,,,,,,,,,,,,,,,,,,,,,,,,,,,,,,,,,,,,,
BstLm, Fri Jan 05 20:54:12 2018, 0.605, kaggle housing, c(0.2, 0, 8.6, 11.9, 20.8, 21.9, 95.9, 95.9, 5.5, 7.6, 0, 0, 1.7, 0.5, 0.1, 1.4, 4.2, 0.7, 3.2, 12.8, 0.6, 5.4, 1.3, 2.9, 1.5, 1.6, 2, 0.1, 2.7, 0.7, 6.8, 66.6, 0, 38, 32.6, 2.9, 3.4, 0.7, 2.5, 0.1, 11.7, 4, 0.3, 2.5, 0, 11.6, 3.6, 5.8, 16.6, 11.6, 20.5, 26.2, 35.4, 0.3, 2, 7.4, 10.3, 28.3, 24.7, 15.3, 31.5, 6, 7.5, 11.3, 5.6, 13.1, 6.3, 7.6, 23.4, 6.3, 8, 6.8, 19.2, 5.9, 10.4, 40.7, 22.1, 1.3, 11.6, 13.9, 13.9, 6.1, 10.6, 37.9, 19.2, 52.4, 6, 0, 33.9, 11.2, 3.8, 16.6, 16, 28.5, 27.5, 1.8, 25.4, 
58.7, 58.4, 25.5, 19.5, 34.1, 44, 29, 18.7, 40.5, 46.2, 45.3, 8.8, 9.4, 13, 20.6, 100, NA, 100, 88.3, 87.4, 87.3, 97.4, 0.3, 0, 11.5, 5.7, 2.6, 1.5, 11)
cforest, Sat Jan 06 20:44:46 2018, 0.684, kaggle housing, c(0, 0.4, 1, 1.5, 0.9, 4, 0.1, 0.1, 0.1, 0.4, 0.1, 0.1, 0.1, 0.1, 0.2, 0.1, 0.2, 0.1, 0.3, 0.3, 0.1, 0.3, 0.1, 0.2, 0.1, 0.1, 0.7, 0.1, 0.2, 0.5, 0.8, 100, 4.5, 13.2, 3.6, 0.1, 0.2, 0.1, 0.1, 0.2, 0.2, 0.1, 0.1, 0.1, 0.1, 0.2, 0.1, 0.1, 0.1, 0.2, 0.2, 0.7, 6.3, 0.1, 0.2, 0.2, 0.4, 0.6, 2.5, 1.6, 0.7, 0.1, 0.1, 0.6, 0.1, 0.5, 0.2, 0.1, 0.6, 0.1, 0.1, 0.6, 3.6, 0.1, 0.2, 16.7, 0.4, 0.1, 0.2, 3.8, 4.3, 0.1, 0.3, 15.1, 0.9, 58.7, 0.8, 0.1, 3.6, 1.5, 1, 0.5, 1.1, 2.7, 3.6, 0.2, 5, 0.1, 0.1, 1.1, 0.1, 
1.3, 1.2, 0.3, 0.2, 1.6, 22, 14.6, 0.4, 0.2, 0.3, 0.2, 0.1, 0.1, 0.1, 0.1, 0.1, 0.1, 0.1, 0, 0.1, 0.2, 0.1, 0.4, 0.3, 0.1)
ctree, Sat Jan 06 20:45:19 2018, 0.559, kaggle housing, c(0.2, 0, 8.2, 11, 23.6, 20.1, 96.8, 96.8, 6.7, 9.1, 0.1, 0, 2, 0.7, 0.4, 1.5, 4.9, 0.6, 3.1, 11.3, 0.6, 4.9, 1.5, 2.4, 1.4, 1.4, 1.5, 0.1, 3.8, 0.5, 6.9, 67.1, 0, 37.7, 30.7, 4.3, 4.7, 0.3, 3.3, 0.1, 10.5, 3.1, 0.1, 3.1, 0, 10.6, 2.8, 6.9, 16.1, 9.4, 20.1, 26.3, 34.7, 0.2, 1.5, 7.5, 9.1, 27.2, 26.6, 16.3, 31.6, 7.3, 9.1, 13.9, 7.2, 15.2, 7.6, 9.3, 24.2, 8.2, 9, 8.8, 18.5, 7.7, 11.9, 42.7, 23.1, 1.9, 10.8, 14.3, 14.3, 6.5, 10.5, 38.3, 20.5, 52.9, 5.8, 0, 34.5, 10.7, 4.5, 14.6, 17.6, 29.1, 27.5, 2.8, 
25.3, 59.5, 59.3, 27.1, 19.4, 34.9, 42.3, 29.3, 19.6, 41.5, 46.6, 44.6, 8.8, 9.4, 15.4, 18.9, 100, 99.7, 99.8, 87.3, 86.6, 86.2, 97.2, 0.3, 0, 10.8, 4.2, 3.2, 0.8, 10.6)
ctree2, Sat Jan 06 20:45:47 2018, 0.559, kaggle housing, c(0.2, 0, 8.2, 11, 23.6, 20.1, 96.8, 96.8, 6.7, 9.1, 0.1, 0, 2, 0.7, 0.4, 1.5, 4.9, 0.6, 3.1, 11.3, 0.6, 4.9, 1.5, 2.4, 1.4, 1.4, 1.5, 0.1, 3.8, 0.5, 6.9, 67.1, 0, 37.7, 30.7, 4.3, 4.7, 0.3, 3.3, 0.1, 10.5, 3.1, 0.1, 3.1, 0, 10.6, 2.8, 6.9, 16.1, 9.4, 20.1, 26.3, 34.7, 0.2, 1.5, 7.5, 9.1, 27.2, 26.6, 16.3, 31.6, 7.3, 9.1, 13.9, 7.2, 15.2, 7.6, 9.3, 24.2, 8.2, 9, 8.8, 18.5, 7.7, 11.9, 42.7, 23.1, 1.9, 10.8, 14.3, 14.3, 6.5, 10.5, 38.3, 20.5, 52.9, 5.8, 0, 34.5, 10.7, 4.5, 14.6, 17.6, 29.1, 27.5, 2.8, 
25.3, 59.5, 59.3, 27.1, 19.4, 34.9, 42.3, 29.3, 19.6, 41.5, 46.6, 44.6, 8.8, 9.4, 15.4, 18.9, 100, 99.7, 99.8, 87.3, 86.6, 86.2, 97.2, 0.3, 0, 10.8, 4.2, 3.2, 0.8, 10.6)
gbm, Sat Jan 06 21:38:13 2018, 0.715, kaggle housing, c(3.5, 0.5, 0.7, 0.7, 4.8, 8.9, 0.1, 0, 0.1, 0.2, 0.3, 0.1, 0.2, 0.1, 0.5, 0, 0.7, 0, 0.3, 0.1, 0, 0.5, 0.4, 0.2, 0.1, 0.9, 0, 0, 0.2, 0.1, 0, 100, 8.8, 7.9, 7, 0.1, 0, 0.1, 0.1, 0, 0.1, 0.1, 0, 0, 0, 0, 0.1, 0.1, 0, 0.1, 2.2, 0, 0.3, 0, 0.2, 0.2, 0.2, 0, 3, 0.6, 0.9, 0, 0, 0.8, 0, 0.5, 0.1, 0.1, 0.9, 0.2, 0.5, 0.3, 8.6, 0.1, 2.5, 20.5, 0.3, 0.1, 0.3, 4.1, 1.8, 1.6, 1.2, 9.5, 1.9, 53.4, 0.4, 0.1, 1.7, 1.2, 0.7, 0.6, 0.1, 2.2, 0.9, 0.8, 0.6, 2.3, 2.1, 0.3, 0, 2.9, 9.3, 0.1, 0.3, 20, 9.5, 4.7, 0.3, 
0.2, 1.2, 3.6, 0, 0, 0, 0.1, 0.8, 0.1, 0, 2.2, 0.9, 0.3, 0.1, 2, 0.5, 0)
plsRglm, Sat Jan 06 22:16:02 2018, 0.648, kaggle housing, c(0.2, 0, 8.2, 11, 23.6, 20.1, 96.8, 96.8, 6.7, 9.1, 0.1, 0, 2, 0.7, 0.4, 1.5, 4.9, 0.6, 3.1, 11.3, 0.6, 4.9, 1.5, 2.4, 1.4, 1.4, 1.5, 0.1, 3.8, 0.5, 6.9, 67.1, 0, 37.7, 30.7, 4.3, 4.7, 0.3, 3.3, 0.1, 10.5, 3.1, 0.1, 3.1, 0, 10.6, 2.8, 6.9, 16.1, 9.4, 20.1, 26.3, 34.7, 0.2, 1.5, 7.5, 9.1, 27.2, 26.6, 16.3, 31.6, 7.3, 9.1, 13.9, 7.2, 15.2, 7.6, 9.3, 24.2, 8.2, 9, 8.8, 18.5, 7.7, 11.9, 42.7, 23.1, 1.9, 10.8, 14.3, 14.3, 6.5, 10.5, 38.3, 20.5, 52.9, 5.8, 0, 34.5, 10.7, 4.5, 14.6, 17.6, 29.1, 27.5, 2.8, 
25.3, 59.5, 59.3, 27.1, 19.4, 34.9, 42.3, 29.3, 19.6, 41.5, 46.6, 44.6, 8.8, 9.4, 15.4, 18.9, 100, 99.7, 99.8, 87.3, 86.6, 86.2, 97.2, 0.3, 0, 10.8, 4.2, 3.2, 0.8, 10.6)
rpart, Sat Jan 06 22:17:52 2018, 0.574, kaggle housing, c(40.1, 3, 4.6, 2.2, 2.2, 9, 11, 15.2, 4.2, 4.2, 4, 4.7, 11.9, 61.7, 3.3, 2.1, 22.1, 93, 5.5, 3, 40.8, 40.8, 7.9, 70.3, 21.6, 100, 17.6, 11, 2.4, 8.2, 4.8, 6.7, 6.9, 14.5, 10.1, 6.3, 48.6, 89.7, 4.6, 15.4, 7.6, 6, 8.7, 1.9, 3.7, 4.1, 2.6, 7, 52.8, 53.2, 9, 27.5, 61.4, 0, 0, 0, 0, 0, 0, 0, 0, 0, 0, 0, 0, 0, 0, 0, 0, 0, 0, 0, 0, 0, 0, 0, 0, 0, 0, 0, 0, 0, 0, 0, 0, 0, 0, 0, 0, 0, 0, 0, 0, 0, 0, 0, 0, 0, 0, 0, 0, 0, 0, 0, 0, 0, 0, 0, 0, 0, 0, 0, 0, 0, 0, 0, 0, 0, 0, 0, 0, 0, 0, 0, 0, 0)
rpart1SE, Sat Jan 06 22:17:56 2018, 0.477, kaggle housing, c(11.9, 18.5, 26.9, 17.5, 8.7, 33.2, 23.6, 23.6, 36.5, 100, 29, 10.4, 66.4, 59.3, 85.7, 30.5, 0, 0, 0, 0, 0, 0, 0, 0, 0, 0, 0, 0, 0, 0, 0, 0, 0, 0, 0, 0, 0, 0, 0, 0, 0, 0, 0, 0, 0, 0, 0, 0, 0, 0, 0, 0, 0, 0, 0, 0, 0, 0, 0, 0, 0, 0, 0, 0, 0, 0, 0, 0, 0, 0, 0, 0, 0, 0, 0, 0, 0, 0, 0, 0, 0, 0, 0, 0, 0, 0, 0, 0, 0, 0, 0, 0, 0, 0, 0, 0, 0, 0, 0, 0, 0, 0, 0, 0, 0, 0, 0, 0, 0, 0, 0, 0, 0, 0, 0, 0, 0, 0, 0, 0, 0, 0, 0, 0, 0, 0)
rpart2, Sat Jan 06 22:18:01 2018, 0.477, kaggle housing, c(11.9, 18.5, 26.9, 17.5, 8.7, 33.2, 23.6, 23.6, 36.5, 100, 29, 10.4, 66.4, 59.3, 85.7, 30.5, 0, 0, 0, 0, 0, 0, 0, 0, 0, 0, 0, 0, 0, 0, 0, 0, 0, 0, 0, 0, 0, 0, 0, 0, 0, 0, 0, 0, 0, 0, 0, 0, 0, 0, 0, 0, 0, 0, 0, 0, 0, 0, 0, 0, 0, 0, 0, 0, 0, 0, 0, 0, 0, 0, 0, 0, 0, 0, 0, 0, 0, 0, 0, 0, 0, 0, 0, 0, 0, 0, 0, 0, 0, 0, 0, 0, 0, 0, 0, 0, 0, 0, 0, 0, 0, 0, 0, 0, 0, 0, 0, 0, 0, 0, 0, 0, 0, 0, 0, 0, 0, 0, 0, 0, 0, 0, 0, 0, 0, 0)
treebag, Sun Jan 07 05:26:03 2018, 0.601, kaggle housing, c(21.6, 0, 0.9, 0, 1.9, 0, 0, 0.9, 0, 0, 0.5, 0, 0, 0, 0, 0, 0, 0.4, 18.6, 0, 0, 0.4, 1.2, 1.1, 0, 16.9, 9, 0.4, 0.6, 0, 2, 0, 0.4, 0, 0, 0, 0, 0, 1.6, 41.2, 2.5, 0, 2.4, 55.7, 0, 0, 0.4, 28.8, 28.7, 0, 0.9, 0, 65.5, 7.3, 100, 0.4, 0, 20.5, 1.2, 2.5, 3.8, 1.3, 0.7, 9, 0, 0, 13, 0, 0, 4, 0, 10.6, 1.8, 0, 0, 5.7, 58.3, 50.6, 0, 2.7, 2.5, 1.3, 0.3, 0, 0, 0, 0, 0, 0, 0, 0, 0, 0.4, 0, 0, 1.5, 0, 0, 0, 4.1, 0.8, 0, 1.2, 0, 0, 0, 0, 0.5, 0, 0.4, 0, 0, 3.4, 2.4, 0, 4, 1.8, 1.8, 0, 97.1, 13.8, 8, 44.4, 17.1, 
0, 0)
xgbLinear, Sun Jan 07 05:48:02 2018, 0.677, kaggle housing, c(100, 25.1, 12.1, 8.2, 5.5, 5.4, 4.4, 3.7, 3.6, 3.3, 2.4, 2.2, 2, 1.6, 1.2, 1, 0.9, 0.9, 0.8, 0.8, 0.7, 0.5, 0.3, 0.3, 0.3, 0.3, 0.3, 0.2, 0.2, 0.2, 0.2, 0.2, 0.2, 0.2, 0.2, 0.2, 0.1, 0.1, 0.1, 0.1, 0.1, 0.1, 0.1, 0.1, 0.1, 0.1, 0.1, 0.1, 0.1, 0.1, 0.1, 0.1, 0.1, 0.1, 0.1, 0.1, 0.1, 0.1, 0.1, 0.1, 0.1, 0, 0, 0, 0, 0, 0, 0, 0, 0, 0, 0, 0, 0, 0, 0, 0, 0, 0, 0, 0, 0, 0, 0, 0, 0, 0, 0, 0, 0, 0, 0, 0, 0, 0, 0, 0, 0, 0, 0, 0, 0, 0, 0, 0, 0, 0, 0, 0, 0, 0, 0, 0, 0, 0, 0, 0, 0, 0, 0, 0, 0, 0, 0, 0, 0)
xgbTree, Sun Jan 07 05:52:40 2018, 0.308, kaggle housing, c(100, 96.1, 0, 0, 0, 0, 0, 0, 0, 0, 0, 0, 0, 0, 0, 0, 0, 0, 0, 0, 0, 0, 0, 0, 0, 0, 0, 0, 0, 0, 0, 0, 0, 0, 0, 0, 0, 0, 0, 0, 0, 0, 0, 0, 0, 0, 0, 0, 0, 0, 0, 0, 0, 0, 0, 0, 0, 0, 0, 0, 0, 0, 0, 0, 0, 0, 0, 0, 0, 0, 0, 0, 0, 0, 0, 0, 0, 0, 0, 0, 0, 0, 0, 0, 0, 0, 0, 0, 0, 0, 0, 0, 0, 0, 0, 0, 0, 0, 0, 0, 0, 0, 0, 0, 0, 0, 0, 0, 0, 0, 0, 0, 0, 0, 0, 0, 0, 0, 0, 0, 0, 0, 0, 0, 0, 0)
BstLm, Sun Jan 07 06:16:26 2018, 0.631, kaggle housing, c(0.4, 0, 8, 11.5, 22.9, 20.5, 96.7, 96.7, 6.9, 9.1, 0.1, 0, 1.7, 0.4, 0.1, 1.5, 4.7, 0.8, 3.2, 11.8, 0.3, 5, 1.5, 3.6, 1.9, 1.8, 1.2, 0.1, 4.5, 0.4, 6.4, 66.4, 0.1, 38.2, 32.2, 2.5, 3.1, 0.4, 3, 0, 10.8, 3.6, 0.3, 3, 0, 10.9, 3.3, 5.7, 15.6, 10.7, 18.6, 26, 34.6, 0.2, 2, 7.4, 10.9, 29.2, 26.9, 15.9, 32.5, 6.1, 8.5, 11, 6, 14, 6.5, 8.6, 23.7, 6.2, 8, 7.6, 18.1, 6.2, 11.7, 43.3, 20.2, 1.3, 10.2, 14.1, 14.1, 5.2, 9.6, 40.2, 20, 51.8, 6.2, 0, 34.7, 9.3, 3.3, 16.2, 16.7, 28.6, 26.7, 1.9, 26.1, 58.3, 
58.1, 28, 17.5, 35.3, 42.3, 28.6, 18.2, 40.3, 47.7, 45.5, 8.4, 9, 14.1, 20.1, 100, 99.2, 99.4, 87.8, 87.1, 86.9, 97.2, 0.5, 0, 10.8, 3.8, 3.3, 0.9, 10.7)
ctree, Sun Jan 07 06:45:56 2018, 0.569, kaggle housing, c(0.4, 0, 8, 11.5, 22.9, 20.5, 96.7, 96.7, 6.9, 9.1, 0.1, 0, 1.7, 0.4, 0.1, 1.5, 4.7, 0.8, 3.2, 11.8, 0.3, 5, 1.5, 3.6, 1.9, 1.8, 1.2, 0.1, 4.5, 0.4, 6.4, 66.4, 0.1, 38.2, 32.2, 2.5, 3.1, 0.4, 3, 0, 10.8, 3.6, 0.3, 3, 0, 10.9, 3.3, 5.7, 15.6, 10.7, 18.6, 26, 34.6, 0.2, 2, 7.4, 10.9, 29.2, 26.9, 15.9, 32.5, 6.1, 8.5, 11, 6, 14, 6.5, 8.6, 23.7, 6.2, 8, 7.6, 18.1, 6.2, 11.7, 43.3, 20.2, 1.3, 10.2, 14.1, 14.1, 5.2, 9.6, 40.2, 20, 51.8, 6.2, 0, 34.7, 9.3, 3.3, 16.2, 16.7, 28.6, 26.7, 1.9, 26.1, 58.3, 
58.1, 28, 17.5, 35.3, 42.3, 28.6, 18.2, 40.3, 47.7, 45.5, 8.4, 9, 14.1, 20.1, 100, 99.2, 99.4, 87.8, 87.1, 86.9, 97.2, 0.5, 0, 10.8, 3.8, 3.3, 0.9, 10.7)
ctree2, Sun Jan 07 06:46:28 2018, 0.56, kaggle housing, c(0.4, 0, 8, 11.5, 22.9, 20.5, 96.7, 96.7, 6.9, 9.1, 0.1, 0, 1.7, 0.4, 0.1, 1.5, 4.7, 0.8, 3.2, 11.8, 0.3, 5, 1.5, 3.6, 1.9, 1.8, 1.2, 0.1, 4.5, 0.4, 6.4, 66.4, 0.1, 38.2, 32.2, 2.5, 3.1, 0.4, 3, 0, 10.8, 3.6, 0.3, 3, 0, 10.9, 3.3, 5.7, 15.6, 10.7, 18.6, 26, 34.6, 0.2, 2, 7.4, 10.9, 29.2, 26.9, 15.9, 32.5, 6.1, 8.5, 11, 6, 14, 6.5, 8.6, 23.7, 6.2, 8, 7.6, 18.1, 6.2, 11.7, 43.3, 20.2, 1.3, 10.2, 14.1, 14.1, 5.2, 9.6, 40.2, 20, 51.8, 6.2, 0, 34.7, 9.3, 3.3, 16.2, 16.7, 28.6, 26.7, 1.9, 26.1, 58.3, 
58.1, 28, 17.5, 35.3, 42.3, 28.6, 18.2, 40.3, 47.7, 45.5, 8.4, 9, 14.1, 20.1, 100, 99.2, 99.4, 87.8, 87.1, 86.9, 97.2, 0.5, 0, 10.8, 3.8, 3.3, 0.9, 10.7)
gbm, Sun Jan 07 07:39:34 2018, 0.715, kaggle housing, c(2.6, 0.6, 0.4, 1.2, 4.1, 7.4, 0.1, 0, 0.2, 0.1, 0.3, 0, 0.2, 0.1, 0.1, 0, 0.5, 0, 0.1, 0.1, 0.1, 0.7, 0.1, 0.1, 0.1, 0.6, 0, 0, 0.1, 0, 0, 100, 8.4, 5.2, 7.3, 0.1, 0.1, 0.1, 0.1, 0.1, 0.1, 0.1, 0, 0, 0.1, 0, 0, 0.1, 0, 0.1, 1.3, 0, 0.4, 0.1, 0.4, 0.3, 0.1, 0, 1.9, 0.4, 0.5, 0.1, 0.1, 0.3, 0, 0.5, 0.2, 0.1, 1, 0.1, 0.1, 0.7, 6.2, 0.1, 2.2, 15.1, 0.1, 0, 0.3, 1.8, 1.2, 0.1, 0.1, 8, 1.7, 39.9, 0.5, 0.1, 1, 0.7, 0.6, 0.3, 0.1, 1.2, 0.4, 0.3, 0.4, 1, 1.5, 1, 0.1, 4.7, 6.1, 0.2, 0.3, 10.7, 8.7, 7.1, 
0, 0.1, 1.2, 1.9, 0, 0, 0, 0, 0.1, 0.1, 0, 1.7, 0.6, 0.3, 0.1, 0.8, 0.9, 0)
plsRglm, Sun Jan 07 08:03:20 2018, 0.642, kaggle housing, c(0.4, 0, 8, 11.5, 22.9, 20.5, 96.7, 96.7, 6.9, 9.1, 0.1, 0, 1.7, 0.4, 0.1, 1.5, 4.7, 0.8, 3.2, 11.8, 0.3, 5, 1.5, 3.6, 1.9, 1.8, 1.2, 0.1, 4.5, 0.4, 6.4, 66.4, 0.1, 38.2, 32.2, 2.5, 3.1, 0.4, 3, 0, 10.8, 3.6, 0.3, 3, 0, 10.9, 3.3, 5.7, 15.6, 10.7, 18.6, 26, 34.6, 0.2, 2, 7.4, 10.9, 29.2, 26.9, 15.9, 32.5, 6.1, 8.5, 11, 6, 14, 6.5, 8.6, 23.7, 6.2, 8, 7.6, 18.1, 6.2, 11.7, 43.3, 20.2, 1.3, 10.2, 14.1, 14.1, 5.2, 9.6, 40.2, 20, 51.8, 6.2, 0, 34.7, 9.3, 3.3, 16.2, 16.7, 28.6, 26.7, 1.9, 26.1, 58.3, 
58.1, 28, 17.5, 35.3, 42.3, 28.6, 18.2, 40.3, 47.7, 45.5, 8.4, 9, 14.1, 20.1, 100, 99.2, 99.4, 87.8, 87.1, 86.9, 97.2, 0.5, 0, 10.8, 3.8, 3.3, 0.9, 10.7)
rpart, Sun Jan 07 08:05:11 2018, 0.533, kaggle housing, c(52.6, 2.4, 2.4, 3.3, 10.8, 2.6, 9.4, 4.8, 7.4, 2.7, 26.1, 5.2, 58.4, 20, 16.3, 13.5, 58.2, 24.5, 100, 6, 6.3, 2.1, 12.3, 3, 20.5, 18.4, 15.1, 18.3, 10.9, 4.4, 15.5, 42.6, 11.6, 9.4, 6.8, 2, 3.8, 32, 4, 3, 9.4, 7.2, 6, 61.8, 20.8, 14.8, 30.9, 41.6, 0, 0, 0, 0, 0, 0, 0, 0, 0, 0, 0, 0, 0, 0, 0, 0, 0, 0, 0, 0, 0, 0, 0, 0, 0, 0, 0, 0, 0, 0, 0, 0, 0, 0, 0, 0, 0, 0, 0, 0, 0, 0, 0, 0, 0, 0, 0, 0, 0, 0, 0, 0, 0, 0, 0, 0, 0, 0, 0, 0, 0, 0, 0, 0, 0, 0, 0, 0, 0, 0, 0, 0, 0, 0, 0, 0, 0, 0)
rpart1SE, Sun Jan 07 08:05:15 2018, 0.489, kaggle housing, c(28, 17.1, 24.7, 19.5, 55.4, 19.4, 9.7, 16.5, 50.3, 8.8, 94.3, 16.6, 19.8, 25.5, 10.9, 20.9, 34, 40.7, 37.4, 30.2, 15.7, 100, 9, 8.3, 36, 16.9, 0, 0, 0, 0, 0, 0, 0, 0, 0, 0, 0, 0, 0, 0, 0, 0, 0, 0, 0, 0, 0, 0, 0, 0, 0, 0, 0, 0, 0, 0, 0, 0, 0, 0, 0, 0, 0, 0, 0, 0, 0, 0, 0, 0, 0, 0, 0, 0, 0, 0, 0, 0, 0, 0, 0, 0, 0, 0, 0, 0, 0, 0, 0, 0, 0, 0, 0, 0, 0, 0, 0, 0, 0, 0, 0, 0, 0, 0, 0, 0, 0, 0, 0, 0, 0, 0, 0, 0, 0, 0, 0, 0, 0, 0, 0, 0, 0, 0, 0, 0)
rpart2, Sun Jan 07 08:05:20 2018, 0.489, kaggle housing, c(28, 17.1, 24.7, 19.5, 55.4, 19.4, 9.7, 16.5, 50.3, 8.8, 94.3, 16.6, 19.8, 25.5, 10.9, 20.9, 34, 40.7, 37.4, 30.2, 15.7, 100, 9, 8.3, 36, 16.9, 0, 0, 0, 0, 0, 0, 0, 0, 0, 0, 0, 0, 0, 0, 0, 0, 0, 0, 0, 0, 0, 0, 0, 0, 0, 0, 0, 0, 0, 0, 0, 0, 0, 0, 0, 0, 0, 0, 0, 0, 0, 0, 0, 0, 0, 0, 0, 0, 0, 0, 0, 0, 0, 0, 0, 0, 0, 0, 0, 0, 0, 0, 0, 0, 0, 0, 0, 0, 0, 0, 0, 0, 0, 0, 0, 0, 0, 0, 0, 0, 0, 0, 0, 0, 0, 0, 0, 0, 0, 0, 0, 0, 0, 0, 0, 0, 0, 0, 0, 0)
treebag, Sun Jan 07 12:32:09 2018, 0.583, kaggle housing, c(30.2, 0, 0, 0, 0, 0, 0, 0, 0, 0, 0, 0, 0, 0, 0, 0, 0, 0.3, 13.6, 0, 2.3, 0.4, 1.1, 0, 0.7, 6.2, 1.3, 1.4, 0, 0, 0, 0, 0.8, 0, 0, 0, 0, 0, 1.2, 21.3, 2.4, 0, 0.4, 70, 0, 0, 0, 21.9, 23, 0, 0, 0.9, 55.5, 13.3, 99.4, 0.7, 0, 20.2, 0.4, 8.2, 4.7, 0.7, 2, 6.7, 0, 0.3, 12.6, 0, 0, 7.2, 0, 18.8, 1.9, 0, 0, 8.4, 59.9, 59.4, 0, 1.2, 0, 0.4, 1.1, 0, 0, 0, 0, 0, 0, 0, 0, 1.9, 0, 0, 0, 0, 0, 0, 0, 3.4, 0, 0, 0, 0, 0, 0, 0, 0.9, 0, 0, 0.6, 0, 2.7, 0.8, 0, 10.1, 0.4, 0.6, 0, 100, 16.8, 8.9, 41.9, 17.5, 0, 0.4
)
xgbLinear, Sun Jan 07 12:56:43 2018, 0.667, kaggle housing, c(100, 27.5, 11.8, 8.1, 5.6, 5, 4.5, 4.2, 3.9, 3, 2.6, 1.6, 1.5, 1.5, 1.5, 1.3, 1.2, 1.1, 0.9, 0.8, 0.6, 0.6, 0.5, 0.5, 0.5, 0.4, 0.4, 0.4, 0.4, 0.3, 0.3, 0.3, 0.2, 0.2, 0.2, 0.2, 0.2, 0.2, 0.2, 0.2, 0.1, 0.1, 0.1, 0.1, 0.1, 0.1, 0.1, 0.1, 0.1, 0.1, 0.1, 0.1, 0.1, 0.1, 0.1, 0.1, 0.1, 0.1, 0.1, 0.1, 0.1, 0.1, 0.1, 0.1, 0.1, 0.1, 0.1, 0.1, 0, 0, 0, 0, 0, 0, 0, 0, 0, 0, 0, 0, 0, 0, 0, 0, 0, 0, 0, 0, 0, 0, 0, 0, 0, 0, 0, 0, 0, 0, 0, 0, 0, 0, 0, 0, 0, 0, 0, 0, 0, 0, 0, 0, 0, 0, 0, 0, 0, 0, 0, 0, 0, 0, 
0, 0, 0, 0)
xgbTree, Sun Jan 07 13:00:57 2018, 0.669, kaggle housing, c(100, 68.1, 51.9, 35.1, 21.2, 15, 9.9, 9.5, 7.6, 4.8, 3.3, 2.9, 2.5, 2.4, 2.1, 1.9, 1.9, 1.8, 1.8, 1.5, 1.3, 1.3, 1.1, 1.1, 1.1, 1.1, 1, 1, 0.9, 0.9, 0.8, 0.7, 0.7, 0.6, 0.6, 0.6, 0.5, 0.5, 0.5, 0, 0, 0, 0, 0, 0, 0, 0, 0, 0, 0, 0, 0, 0, 0, 0, 0, 0, 0, 0, 0, 0, 0, 0, 0, 0, 0, 0, 0, 0, 0, 0, 0, 0, 0, 0, 0, 0, 0, 0, 0, 0, 0, 0, 0, 0, 0, 0, 0, 0, 0, 0, 0, 0, 0, 0, 0, 0, 0, 0, 0, 0, 0, 0, 0, 0, 0, 0, 0, 0, 0, 0, 0, 0, 0, 0, 0, 0, 0, 0, 0, 0, 0, 0, 0, 0, 0)
ctree, Sun Jan 07 13:50:17 2018, 0.549, kaggle housing, c(0.1, 0.7, 9.1, 12.2, 20.1, 16.8, 97.1, 97.1, 6.5, 9.2, 0, 0, 2.3, 1.1, 0.1, 1.7, 5.3, 0.7, 2.9, 12.8, 0.2, 5.7, 1.8, 2.7, 1.6, 1.9, 2.2, 0.1, 3, 0.9, 8.1, 67.1, 0.4, 36.3, 32.5, 3.2, 3.6, 0.6, 3, 0, 12.8, 3.9, 0.2, 2.9, 0, 13, 3.3, 6.7, 17.1, 10.8, 22.9, 27.7, 37.1, 0.3, 1.8, 6.8, 13.4, 30.8, 27.2, 14.1, 32.8, 5.1, 6.3, 11.5, 5.3, 13.5, 5.6, 7.4, 23.9, 5.8, 7.1, 6.4, 22.7, 5.4, 9, 41.8, 23.4, 1.6, 12.4, 11.3, 11.3, 5.7, 8.9, 37.1, 22.6, 52.8, 5.5, 0.1, 34.2, 10.6, 3.1, 16, 18.5, 31.1, 26.2, 2.1, 
24.9, 59.4, 59, 24.5, 17.2, 32.9, 40.5, 28.5, 16.6, 40.1, 46.6, 46.2, 8.5, 9.1, 15.5, 10.7, 100, 99.7, 99.9, 89.7, 88.8, 88.9, 97, 0.1, 0.1, 11.1, 4.5, 2.3, 1.1, 10.6)
ctree2, Sun Jan 07 13:50:48 2018, 0.551, kaggle housing, c(0.1, 0.7, 9.1, 12.2, 20.1, 16.8, 97.1, 97.1, 6.5, 9.2, 0, 0, 2.3, 1.1, 0.1, 1.7, 5.3, 0.7, 2.9, 12.8, 0.2, 5.7, 1.8, 2.7, 1.6, 1.9, 2.2, 0.1, 3, 0.9, 8.1, 67.1, 0.4, 36.3, 32.5, 3.2, 3.6, 0.6, 3, 0, 12.8, 3.9, 0.2, 2.9, 0, 13, 3.3, 6.7, 17.1, 10.8, 22.9, 27.7, 37.1, 0.3, 1.8, 6.8, 13.4, 30.8, 27.2, 14.1, 32.8, 5.1, 6.3, 11.5, 5.3, 13.5, 5.6, 7.4, 23.9, 5.8, 7.1, 6.4, 22.7, 5.4, 9, 41.8, 23.4, 1.6, 12.4, 11.3, 11.3, 5.7, 8.9, 37.1, 22.6, 52.8, 5.5, 0.1, 34.2, 10.6, 3.1, 16, 18.5, 31.1, 26.2, 2.1, 
24.9, 59.4, 59, 24.5, 17.2, 32.9, 40.5, 28.5, 16.6, 40.1, 46.6, 46.2, 8.5, 9.1, 15.5, 10.7, 100, 99.7, 99.9, 89.7, 88.8, 88.9, 97, 0.1, 0.1, 11.1, 4.5, 2.3, 1.1, 10.6)
cubist, Sun Jan 07 14:15:44 2018, 0.723, kaggle housing, c(65.2, 100, 96.4, 81.2, 82.1, 50.9, 83.9, 88.4, 86.6, 64.3, 61.6, 55.4, 47.3, 46.4, 44.6, 43.8, 42.9, 42, 33.9, 33.9, 33, 33, 33, 31.2, 31.2, 29.5, 29.5, 28.6, 28.6, 26.8, 25.9, 25, 25, 25, 25, 24.1, 22.3, 22.3, 20.5, 17.9, 17.9, 15.2, 13.4, 13.4, 13.4, 10.7, 9.8, 8.9, 8.9, 8.9, 8.9, 8.9, 8.9, 7.1, 6.2, 5.4, 5.4, 4.5, 4.5, 4.5, 4.5, 4.5, 4.5, 4.5, 4.5, 3.6, 2.7, 2.7, 2.7, 1.8, 1.8, 1.8, 1.8, 1.8, 1.8, 1.8, 1.8, 1.8, 1.8, 1.8, 0, 0, 0, 0, 0, 0, 0, 0, 0, 0, 0, 0, 0, 0, 0, 0, 0, 0, 0, 0, 0, 0, 0, 0, 
0, 0, 0, 0, 0, 0, 0, 0, 0, 0, 0, 0, 0, 0, 0, 0, 0, 0, 0, 0, 0, 0)
gbm, Sun Jan 07 15:03:12 2018, 0.695, kaggle housing, c(1.9, 0.4, 0.3, 2.8, 5.5, 14.2, 0.7, 0, 0, 0.2, 0.4, 0, 0.3, 0.2, 0.3, 0, 1.4, 0, 0, 0, 0, 0.1, 0.1, 0.3, 0.2, 1.3, 0, 0, 0, 0, 0, 100, 9.6, 9, 4.6, 0, 0, 0, 0, 0, 0, 0, 0, 0, 0, 0, 0.3, 0, 0, 0, 1.9, 0, 0, 0, 0, 0.3, 0, 0, 6.4, 0.1, 0.2, 0.2, 0, 0.5, 0, 0.2, 0.4, 0.1, 2.2, 0, 0.1, 0.1, 13.4, 0, 1.1, 20.7, 0.1, 0, 0.2, 4.4, 0, 0.3, 0.3, 10.5, 2.2, 53.5, 0.2, 0, 1.7, 0.2, 0.6, 0.5, 0, 0, 1.5, 0.7, 0.4, 0.9, 6.8, 0.2, 0.1, 5.8, 9.5, 0, 0.2, 21.6, 6.9, 12.7, 0.6, 0.4, 1.6, 2.3, 0, 0, 0, 0, 0.1, 0.2, 
0, 1.3, 0.2, 0.4, 0, 1.4, 0.4, 0.1)
rpart, Sun Jan 07 17:33:46 2018, 0.544, kaggle housing, c(78.5, 2.6, 2.6, 6.4, 5.6, 11.1, 3.8, 7.2, 4.1, 4.9, 5, 4.3, 11, 2.4, 4.8, 19.7, 2.7, 7.7, 73.7, 4.1, 33, 100, 6.3, 10.8, 10.6, 6.7, 85.4, 30.9, 69.7, 16.4, 6.3, 3.3, 6.8, 7.3, 26.4, 9.1, 14.1, 11.1, 14.9, 27.5, 73, 13.7, 2.1, 5, 4.6, 3.6, 26.3, 1.9, 5.6, 11.9, 7.4, 61.5, 32.9, 21, 62.7, 41.9, 0, 0, 0, 0, 0, 0, 0, 0, 0, 0, 0, 0, 0, 0, 0, 0, 0, 0, 0, 0, 0, 0, 0, 0, 0, 0, 0, 0, 0, 0, 0, 0, 0, 0, 0, 0, 0, 0, 0, 0, 0, 0, 0, 0, 0, 0, 0, 0, 0, 0, 0, 0, 0, 0, 0, 0, 0, 0, 0, 0, 0, 0, 0, 0, 0, 0, 0, 0, 0, 
0)
rpart1SE, Sun Jan 07 17:33:52 2018, 0.494, kaggle housing, c(10.7, 18.4, 11, 12.4, 24.2, 48.3, 14.1, 57.1, 10, 57.1, 16.2, 6.5, 28.4, 9.8, 7.5, 52.5, 48.9, 6.6, 100, 42.1, 0, 0, 0, 0, 0, 0, 0, 0, 0, 0, 0, 0, 0, 0, 0, 0, 0, 0, 0, 0, 0, 0, 0, 0, 0, 0, 0, 0, 0, 0, 0, 0, 0, 0, 0, 0, 0, 0, 0, 0, 0, 0, 0, 0, 0, 0, 0, 0, 0, 0, 0, 0, 0, 0, 0, 0, 0, 0, 0, 0, 0, 0, 0, 0, 0, 0, 0, 0, 0, 0, 0, 0, 0, 0, 0, 0, 0, 0, 0, 0, 0, 0, 0, 0, 0, 0, 0, 0, 0, 0, 0, 0, 0, 0, 0, 0, 0, 0, 0, 0, 0, 0, 0, 0, 0, 0)
rpart2, Sun Jan 07 17:33:58 2018, 0.494, kaggle housing, c(10.7, 18.4, 11, 12.4, 24.2, 48.3, 14.1, 57.1, 10, 57.1, 16.2, 6.5, 28.4, 9.8, 7.5, 52.5, 48.9, 6.6, 100, 42.1, 0, 0, 0, 0, 0, 0, 0, 0, 0, 0, 0, 0, 0, 0, 0, 0, 0, 0, 0, 0, 0, 0, 0, 0, 0, 0, 0, 0, 0, 0, 0, 0, 0, 0, 0, 0, 0, 0, 0, 0, 0, 0, 0, 0, 0, 0, 0, 0, 0, 0, 0, 0, 0, 0, 0, 0, 0, 0, 0, 0, 0, 0, 0, 0, 0, 0, 0, 0, 0, 0, 0, 0, 0, 0, 0, 0, 0, 0, 0, 0, 0, 0, 0, 0, 0, 0, 0, 0, 0, 0, 0, 0, 0, 0, 0, 0, 0, 0, 0, 0, 0, 0, 0, 0, 0, 0)
treebag, Sun Jan 07 17:53:38 2018, 0.587, kaggle housing, c(31.6, 0, 0, 0, 0, 0, 0, 0, 0, 0, 0, 0, 0, 0, 0, 0, 0.5, 0.8, 20.4, 0.6, 1.2, 0.6, 0, 0, 0.2, 15.5, 4.7, 0, 0, 0, 1.2, 0, 0, 0, 0, 1.7, 0, 0, 2.5, 40.8, 2.2, 0, 2.4, 83.7, 1.1, 0, 0, 10.9, 11.9, 0, 0.5, 1.5, 66.4, 14.3, 100, 2.6, 0, 13.2, 1.2, 2.7, 2.6, 2.4, 1.5, 4, 0, 0.6, 14.3, 0, 0, 2.6, 0, 12.3, 1.5, 0, 0.4, 3.6, 51.6, 59.2, 0, 2.1, 1.1, 1, 1.8, 0, 0, 0, 0, 0, 0, 0, 0, 0, 0, 0, 0, 0, 0, 0, 0, 1.5, 0.6, 0, 0, 0, 0.5, 0.6, 0, 1.5, 0, 0, 0, 0, 4.9, 0, 0, 8.6, 0, 0, 0.9, 93.8, 4.5, 3, 38.9, 13.4, 
0.5, 0.5)
xgbLinear, Sun Jan 07 18:19:58 2018, 0.669, kaggle housing, c(100, 46, 17.7, 9.4, 8.7, 6.9, 6.5, 5.4, 3.2, 2.9, 2.3, 1.6, 1.5, 1.4, 1.3, 1.2, 1.1, 1, 0.8, 0.6, 0.6, 0.5, 0.5, 0.5, 0.4, 0.4, 0.4, 0.3, 0.3, 0.3, 0.3, 0.2, 0.2, 0.2, 0.2, 0.2, 0.2, 0.2, 0.2, 0.2, 0.2, 0.1, 0.1, 0.1, 0.1, 0.1, 0.1, 0.1, 0.1, 0.1, 0.1, 0.1, 0.1, 0.1, 0.1, 0.1, 0.1, 0.1, 0.1, 0.1, 0, 0, 0, 0, 0, 0, 0, 0, 0, 0, 0, 0, 0, 0, 0, 0, 0, 0, 0, 0, 0, 0, 0, 0, 0, 0, 0, 0, 0, 0, 0, 0, 0, 0, 0, 0, 0, 0, 0, 0, 0, 0, 0, 0, 0, 0, 0, 0, 0, 0, 0, 0, 0, 0, 0, 0, 0, 0, 0, 0, 0, 0, 0, 0, 0, 0)
xgbTree, Sun Jan 07 18:30:53 2018, 0.687, kaggle housing, c(100, 68.9, 52.4, 27.1, 22.8, 17.7, 17.6, 13.7, 9.7, 8.4, 7.6, 6.8, 6.6, 5.5, 4.6, 4.6, 3.9, 3.3, 3.2, 2.6, 2.6, 2.4, 2.3, 2, 2, 1.7, 1.6, 1.5, 1.5, 1.4, 1.3, 1.1, 1, 0.8, 0.8, 0.8, 0.7, 0.7, 0.6, 0.5, 0.4, 0.2, 0.2, 0.2, 0, 0, 0, 0, 0, 0, 0, 0, 0, 0, 0, 0, 0, 0, 0, 0, 0, 0, 0, 0, 0, 0, 0, 0, 0, 0, 0, 0, 0, 0, 0, 0, 0, 0, 0, 0, 0, 0, 0, 0, 0, 0, 0, 0, 0, 0, 0, 0, 0, 0, 0, 0, 0, 0, 0, 0, 0, 0, 0, 0, 0, 0, 0, 0, 0, 0, 0, 0, 0, 0, 0, 0, 0, 0, 0, 0, 0, 0, 0, 0, 0, 0)
BstLm, Sun Jan 07 18:55:55 2018, 0.653, kaggle housing, c(0.2, 0.4, 8.5, 12.4, 20.9, 15.4, 96.2, 96.2, 5.6, 7.9, 0, 0, 2.2, 0.9, 0.1, 1.8, 4.5, 0.7, 2.8, 11.6, 0.5, 6, 1.6, 3.1, 1.7, 1.4, 1.7, 0.1, 3.7, 0.6, 7.3, 65.5, 0.2, 34.9, 31.1, 2.7, 3, 0.7, 2.9, 0, 13.6, 3.9, 0.3, 2.7, 0.1, 13.7, 3.8, 6.9, 15.6, 8, 20.3, 27.8, 35.6, 0.2, 1.3, 6.2, 12.6, 28, 23.2, 14.4, 30.4, 4.1, 6.3, 9.6, 4.1, 11.9, 5.1, 6, 23.1, 4.8, 5.5, 5.7, 19.9, 4.5, 9.9, 41.7, 21.4, 1.4, 11.5, 12.3, 12.3, 6.5, 10, 38.7, 23.7, 54, 5.4, 0, 34.3, 10.9, 4.8, 15.3, 17.8, 28.3, 28.5, 2.1, 24, 
57.8, 57.6, 25.6, 17.8, 32.9, 39.6, 27, 18.4, 39.4, 47, 44.9, 7.6, 8.3, 15.4, 13, NA, 100, 100, 88.1, 87.3, 87.3, 97.6, 0.2, 0.2, 10.1, 3.6, 2, 1.1, 10.1)
cforest, Sun Jan 07 19:26:31 2018, 0.643, kaggle housing, c(0, 0.4, 0.9, 1.2, 0.6, 2.2, 0, 0, 0.1, 0.5, 0.1, 0, 0.1, 0.1, 0.1, 0.1, 0.2, 0.1, 0.1, 0.2, 0.1, 0.5, 0.1, 0.1, 0.1, 0.2, 0.6, 0.1, 0.1, 0.2, 0.3, 100, 2.2, 7.8, 2.5, 0.1, 0.1, 0.1, 0.1, 0.1, 0.1, 0.1, 0.1, 0, 0, 0.2, 0.1, 0.1, 0.1, 0.1, 0.7, 0.4, 3.4, 0.1, 0.1, 0.2, 0.2, 0.2, 1.7, 0.7, 0.3, 0, 0, 0.3, 0, 0.2, 0.1, 0, 0.4, 0, 0, 0.6, 4.7, 0.1, 0.2, 12.7, 0.2, 0.1, 0.2, 2.5, 2.1, 0.1, 0.4, 12.4, 1.2, 56.6, 1, 0.1, 1.6, 0.6, 0.7, 0.8, 0.6, 1.7, 2.2, 0.1, 2.9, 0.1, 0, 0.7, 0, 1, 0.6, 0.1, 0.1, 0.8, 
24.8, 8.6, 0.3, 0.2, 0.4, 0.2, 0, 0, 0, 0, 0, 0, 0, 0, 0, 0.1, 0.1, 0.2, 0.2, 0.1)
ctree, Sun Jan 07 19:27:11 2018, 0.551, kaggle housing, c(0.2, 0.4, 8.5, 12.4, 20.9, 15.4, 96.2, 96.2, 5.6, 7.9, 0, 0, 2.2, 0.9, 0.1, 1.8, 4.5, 0.7, 2.8, 11.6, 0.5, 6, 1.6, 3.1, 1.7, 1.4, 1.7, 0.1, 3.7, 0.6, 7.3, 65.5, 0.2, 34.9, 31.1, 2.7, 3, 0.7, 2.9, 0, 13.6, 3.9, 0.3, 2.7, 0.1, 13.7, 3.8, 6.9, 15.6, 8, 20.3, 27.8, 35.6, 0.2, 1.3, 6.2, 12.6, 28, 23.2, 14.4, 30.4, 4.1, 6.3, 9.6, 4.1, 11.9, 5.1, 6, 23.1, 4.8, 5.5, 5.7, 19.9, 4.5, 9.9, 41.7, 21.4, 1.4, 11.5, 12.3, 12.3, 6.5, 10, 38.7, 23.7, 54, 5.4, 0, 34.3, 10.9, 4.8, 15.3, 17.8, 28.3, 28.5, 2.1, 24, 
57.8, 57.6, 25.6, 17.8, 32.9, 39.6, 27, 18.4, 39.4, 47, 44.9, 7.6, 8.3, 15.4, 13, NA, 100, 100, 88.1, 87.3, 87.3, 97.6, 0.2, 0.2, 10.1, 3.6, 2, 1.1, 10.1)
ctree2, Sun Jan 07 19:27:45 2018, 0.551, kaggle housing, c(0.2, 0.4, 8.5, 12.4, 20.9, 15.4, 96.2, 96.2, 5.6, 7.9, 0, 0, 2.2, 0.9, 0.1, 1.8, 4.5, 0.7, 2.8, 11.6, 0.5, 6, 1.6, 3.1, 1.7, 1.4, 1.7, 0.1, 3.7, 0.6, 7.3, 65.5, 0.2, 34.9, 31.1, 2.7, 3, 0.7, 2.9, 0, 13.6, 3.9, 0.3, 2.7, 0.1, 13.7, 3.8, 6.9, 15.6, 8, 20.3, 27.8, 35.6, 0.2, 1.3, 6.2, 12.6, 28, 23.2, 14.4, 30.4, 4.1, 6.3, 9.6, 4.1, 11.9, 5.1, 6, 23.1, 4.8, 5.5, 5.7, 19.9, 4.5, 9.9, 41.7, 21.4, 1.4, 11.5, 12.3, 12.3, 6.5, 10, 38.7, 23.7, 54, 5.4, 0, 34.3, 10.9, 4.8, 15.3, 17.8, 28.3, 28.5, 2.1, 24, 
57.8, 57.6, 25.6, 17.8, 32.9, 39.6, 27, 18.4, 39.4, 47, 44.9, 7.6, 8.3, 15.4, 13, NA, 100, 100, 88.1, 87.3, 87.3, 97.6, 0.2, 0.2, 10.1, 3.6, 2, 1.1, 10.1)
cubist, Sun Jan 07 20:02:29 2018, 0.715, kaggle housing, c(100, 48.3, 71.5, 69.5, 58.9, 66.2, 41.7, 43, 45.7, 11.9, 17.9, 52.3, 17.2, 42.4, 5.3, 38.4, 42.4, 38.4, 36.4, 33.1, 27.8, 23.8, 23.2, 22.5, 21.2, 20.5, 19.9, 19.2, 19.2, 19.2, 18.5, 18.5, 17.2, 15.9, 15.2, 15.2, 15.2, 13.9, 13.2, 13.2, 12.6, 12.6, 11.9, 11.3, 11.3, 10.6, 10.6, 9.9, 8.6, 7.9, 5.3, 5.3, 5.3, 5.3, 5.3, 4.6, 4, 4, 4, 4, 2.6, 2.6, 2.6, 2.6, 2.6, 2, 2, 2, 2, 1.3, 1.3, 1.3, 1.3, 1.3, 1.3, 1.3, 0.7, 0.7, 0, 0, 0, 0, 0, 0, 0, 0, 0, 0, 0, 0, 0, 0, 0, 0, 0, 0, 0, 0, 0, 0, 0, 0, 0, 0, 0, 0, 
0, 0, 0, 0, 0, 0, 0, 0, 0, 0, 0, 0, 0, 0, 0, 0, 0, 0, 0, 0)
gbm, Sun Jan 07 21:01:00 2018, 0.689, kaggle housing, c(3.1, 0.4, 0.7, 0.2, 4.1, 7.9, 0, 0, 0.2, 0.2, 0.3, 0, 0.1, 0.1, 0.1, 0, 0.8, 0, 0.1, 0.1, 0, 0.6, 0.2, 0.1, 0.1, 0.5, 0, 0, 0.1, 0.1, 0, 100, 5.2, 6.8, 6.7, 0.2, 0.1, 0, 0.2, 0.1, 0.1, 0.1, 0, 0.1, 0.1, 0, 0.1, 0.1, 0, 0.1, 2.4, 0.1, 0, 0.2, 0.4, 0.2, 0.1, 0.2, 1.7, 1.1, 0.3, 0.2, 0.2, 0.9, 0, 0.3, 0.3, 0.1, 1.7, 0.1, 0.1, 0.5, 7.9, 0.1, 2.4, 15.4, 0.2, 0.1, 0.4, 1.9, 1.9, 2.1, 1.5, 9.8, 1.6, 51.8, 0.4, 0.1, 0.2, 0.7, 0.4, 1.2, 0.3, 0.7, 0.8, 0.6, 1.1, 1.7, 1, 1.4, 0.1, 0.6, 11, 0.3, 0.3, 11.7, 
9.1, 7.3, 0.7, 0.1, 1.7, 1.6, 0, 0, 0, 0.1, 0.2, 0.2, 0, 1.9, 0.9, 0.3, 0.3, 0.8, 1.3, 0)
rpart, Sun Jan 07 21:24:12 2018, 0.533, kaggle housing, c(51.6, 4.2, 4.8, 0.7, 4.6, 2.5, 2.8, 3.7, 7.4, 2.1, 4.3, 5.6, 13.2, 1.3, 4.3, 2.6, 3.7, 6.3, 3.4, 6.5, 2.9, 2, 10.7, 1.6, 12.3, 76.3, 2.8, 36.4, 74.8, 2.5, 12.4, 12.4, 18, 67.8, 31.3, 100, 21.5, 12.2, 3.9, 4.8, 3, 2.7, 5.8, 10.2, 18, 1.6, 2.8, 5.8, 25.2, 1.2, 8.8, 16.3, 62.3, 28.5, 21.2, 12.4, 5.4, 15.1, 2.3, 3.3, 5.1, 5, 1.7, 3.8, 5.6, 10.6, 4.9, 3.2, 2.5, 2.6, 44.7, 19.3, 19.7, 38.1, 33.8, 2.6, 2.6, 0, 0, 0, 0, 0, 0, 0, 0, 0, 0, 0, 0, 0, 0, 0, 0, 0, 0, 0, 0, 0, 0, 0, 0, 0, 0, 0, 0, 0, 0, 0, 0, 
0, 0, 0, 0, 0, 0, 0, 0, 0, 0, 0, 0, 0, 0, 0, 0, 0)
rpart1SE, Sun Jan 07 21:24:18 2018, 0.496, kaggle housing, c(6.3, 15.1, 18.8, 59.2, 20.9, 20.9, 42.3, 7.2, 87.1, 13.9, 10.5, 14.7, 6.3, 40.2, 39.1, 7.7, 7.7, 100, 40.7, 0, 0, 0, 0, 0, 0, 0, 0, 0, 0, 0, 0, 0, 0, 0, 0, 0, 0, 0, 0, 0, 0, 0, 0, 0, 0, 0, 0, 0, 0, 0, 0, 0, 0, 0, 0, 0, 0, 0, 0, 0, 0, 0, 0, 0, 0, 0, 0, 0, 0, 0, 0, 0, 0, 0, 0, 0, 0, 0, 0, 0, 0, 0, 0, 0, 0, 0, 0, 0, 0, 0, 0, 0, 0, 0, 0, 0, 0, 0, 0, 0, 0, 0, 0, 0, 0, 0, 0, 0, 0, 0, 0, 0, 0, 0, 0, 0, 0, 0, 0, 0, 0, 0, 0, 0, 0, 0)
rpart2, Sun Jan 07 21:24:25 2018, 0.496, kaggle housing, c(6.3, 15.1, 18.8, 59.2, 20.9, 20.9, 42.3, 7.2, 87.1, 13.9, 10.5, 14.7, 6.3, 40.2, 39.1, 7.7, 7.7, 100, 40.7, 0, 0, 0, 0, 0, 0, 0, 0, 0, 0, 0, 0, 0, 0, 0, 0, 0, 0, 0, 0, 0, 0, 0, 0, 0, 0, 0, 0, 0, 0, 0, 0, 0, 0, 0, 0, 0, 0, 0, 0, 0, 0, 0, 0, 0, 0, 0, 0, 0, 0, 0, 0, 0, 0, 0, 0, 0, 0, 0, 0, 0, 0, 0, 0, 0, 0, 0, 0, 0, 0, 0, 0, 0, 0, 0, 0, 0, 0, 0, 0, 0, 0, 0, 0, 0, 0, 0, 0, 0, 0, 0, 0, 0, 0, 0, 0, 0, 0, 0, 0, 0, 0, 0, 0, 0, 0, 0)
treebag, Sun Jan 07 22:01:08 2018, 0.566, kaggle housing, c(12.8, 0, 0, 0, 0, 0, 0, 0, 0, 0, 0, 0, 0, 0.4, 0, 0, 1.9, 1.5, 17.8, 0, 0.4, 0, 0.9, 0, 0.6, 9.3, 4, 1.1, 0, 0, 1.7, 0, 0.3, 0, 0, 0.9, 0, 0, 2.6, 41.9, 3.6, 0, 0.6, 71.5, 0, 0, 0, 19.6, 19.6, 0.6, 0, 2.9, 64.2, 9.7, 100, 1, 0, 10.9, 0.8, 2.7, 3.1, 3.4, 1.7, 4.2, 1.5, 0, 16.1, 0, 0, 4.5, 0, 9.7, 2.3, 0, 0, 4, 52.8, 46.9, 0, 0.9, 0, 0, 2.6, 0, 0, 0, 0, 0, 0, 0, 0, 0.3, 0.3, 0, 0, 0.4, 0.8, 0, 0, 2.8, 0, 0, 0, 0, 0, 0, 0, 4.6, 0, 0, 0, 0.8, 2.8, 0.6, 0, 7.8, 1.5, 0.4, 0, 90.9, 8.6, 2.4, 40.9, 17.6, 
0.5, 0.6)
xgbLinear, Sun Jan 07 22:25:29 2018, 0.642, kaggle housing, c(100, 21.9, 10.1, 10.1, 5, 3.3, 2.5, 1.9, 1.8, 1.7, 1.3, 1.1, 1, 0.7, 0.7, 0.6, 0.6, 0.6, 0.5, 0.5, 0.4, 0.4, 0.4, 0.4, 0.3, 0.3, 0.3, 0.3, 0.3, 0.3, 0.3, 0.3, 0.2, 0.2, 0.2, 0.2, 0.2, 0.2, 0.2, 0.1, 0.1, 0.1, 0.1, 0.1, 0.1, 0.1, 0.1, 0.1, 0.1, 0.1, 0.1, 0.1, 0.1, 0.1, 0.1, 0.1, 0.1, 0.1, 0, 0, 0, 0, 0, 0, 0, 0, 0, 0, 0, 0, 0, 0, 0, 0, 0, 0, 0, 0, 0, 0, 0, 0, 0, 0, 0, 0, 0, 0, 0, 0, 0, 0, 0, 0, 0, 0, 0, 0, 0, 0, 0, 0, 0, 0, 0, 0, 0, 0, 0, 0, 0, 0, 0, 0, 0, 0, 0, 0, 0, 0, 0, 0, 0, 0, 0, 0)
xgbTree, Sun Jan 07 22:35:27 2018, 0.606, kaggle housing, c(100, 89.5, 62.7, 31.1, 27, 26.8, 14.8, 12.6, 7.2, 6.3, 2.9, 2.8, 2.8, 2.8, 0, 0, 0, 0, 0, 0, 0, 0, 0, 0, 0, 0, 0, 0, 0, 0, 0, 0, 0, 0, 0, 0, 0, 0, 0, 0, 0, 0, 0, 0, 0, 0, 0, 0, 0, 0, 0, 0, 0, 0, 0, 0, 0, 0, 0, 0, 0, 0, 0, 0, 0, 0, 0, 0, 0, 0, 0, 0, 0, 0, 0, 0, 0, 0, 0, 0, 0, 0, 0, 0, 0, 0, 0, 0, 0, 0, 0, 0, 0, 0, 0, 0, 0, 0, 0, 0, 0, 0, 0, 0, 0, 0, 0, 0, 0, 0, 0, 0, 0, 0, 0, 0, 0, 0, 0, 0, 0, 0, 0, 0, 0, 0)
BstLm, Sun Jan 07 23:00:27 2018, 0.676, kaggle housing, c(0.3, 0.6, 9.5, 12.4, 23.5, 17.8, 97.1, 97.1, 6.7, 9.1, 0.2, 0, 1.7, 0.8, 0.4, 1.2, 4.7, 0.5, 3, 11.7, 0.4, 5.1, 1.8, 2.8, 1.7, 1.8, 1.9, 0.1, 3.3, 0.6, 7.7, 66.4, 0.2, 34.1, 31.8, 3.3, 3.6, 0.7, 3.7, 0, 12.2, 3, 0.3, 3.5, 0.1, 12.4, 3.3, 6.5, 15.6, 8.8, 19.9, 30.1, 38.3, 0.1, 1.5, 6.8, 11.6, 28.7, 24.6, 15.4, 31.8, 5, 7, 11.2, 4.6, 13.2, 5.2, 6.1, 22, 5.6, 7, 5.8, 19.5, 5, 12, 41.4, 22.2, 1.6, 12.2, 10.7, 10.7, 5.3, 8.4, 38.2, 23, 53.6, 4.9, 0, 35.8, 10.8, 4.8, 16, 16.9, 30, 27.9, 1.9, 22.4, 55.3, 
55.2, 25.2, 18.8, 34, 39.7, 27.2, 19.2, 40.9, 46.8, 45.3, 7.6, 8.4, 14.3, 10.4, 100, 99.6, 99.9, 86.3, 85.8, 85.3, 97.6, 0.1, 0.2, 10, 3.2, 3.3, 0.9, 9.9)
cforest, Sun Jan 07 23:32:05 2018, 0.656, kaggle housing, c(0, 0.4, 1.5, 1.4, 0.7, 2.1, 0.1, 0.1, 0.1, 0.4, 0.1, 0.1, 0.1, 0.1, 0.3, 0.1, 0.1, 0.1, 0.1, 0.1, 0.1, 0.6, 0.1, 0.1, 0.1, 0.1, 0.7, 0.1, 0.2, 0.3, 0.3, 100, 2.4, 6.4, 2.4, 0.1, 0.1, 0.1, 0.1, 0.1, 0.2, 0.1, 0.1, 0.1, 0.1, 0.1, 0, 0.1, 0.1, 0.1, 0.5, 1.2, 4.4, 0.1, 0.1, 0.2, 0.2, 0.5, 1.6, 0.7, 0.9, 0.1, 0.1, 0.3, 0.1, 0.3, 0.1, 0.1, 0.3, 0.1, 0.1, 0.7, 3.7, 0.1, 0.2, 13.1, 0.2, 0.1, 0.1, 2, 2.7, 0, 0.2, 10.3, 1.5, 48.9, 0.8, 0.1, 2.8, 0.5, 0.5, 0.5, 0.6, 1.2, 2.3, 0.1, 2.3, 0.1, 0.1, 0.7, 0.1, 
1, 0.6, 0.1, 0.1, 1.5, 21.1, 9, 0.2, 0.1, 0.3, 0.3, 0.1, 0.1, 0.1, 0.1, 0.1, 0.1, 0.1, 0, 0.1, 0.1, 0.1, 0.3, 0.2, 0.1)
ctree, Sun Jan 07 23:32:43 2018, 0.566, kaggle housing, c(0.3, 0.6, 9.5, 12.4, 23.5, 17.8, 97.1, 97.1, 6.7, 9.1, 0.2, 0, 1.7, 0.8, 0.4, 1.2, 4.7, 0.5, 3, 11.7, 0.4, 5.1, 1.8, 2.8, 1.7, 1.8, 1.9, 0.1, 3.3, 0.6, 7.7, 66.4, 0.2, 34.1, 31.8, 3.3, 3.6, 0.7, 3.7, 0, 12.2, 3, 0.3, 3.5, 0.1, 12.4, 3.3, 6.5, 15.6, 8.8, 19.9, 30.1, 38.3, 0.1, 1.5, 6.8, 11.6, 28.7, 24.6, 15.4, 31.8, 5, 7, 11.2, 4.6, 13.2, 5.2, 6.1, 22, 5.6, 7, 5.8, 19.5, 5, 12, 41.4, 22.2, 1.6, 12.2, 10.7, 10.7, 5.3, 8.4, 38.2, 23, 53.6, 4.9, 0, 35.8, 10.8, 4.8, 16, 16.9, 30, 27.9, 1.9, 22.4, 55.3, 
55.2, 25.2, 18.8, 34, 39.7, 27.2, 19.2, 40.9, 46.8, 45.3, 7.6, 8.4, 14.3, 10.4, 100, 99.6, 99.9, 86.3, 85.8, 85.3, 97.6, 0.1, 0.2, 10, 3.2, 3.3, 0.9, 9.9)
ctree2, Sun Jan 07 23:33:17 2018, 0.561, kaggle housing, c(0.3, 0.6, 9.5, 12.4, 23.5, 17.8, 97.1, 97.1, 6.7, 9.1, 0.2, 0, 1.7, 0.8, 0.4, 1.2, 4.7, 0.5, 3, 11.7, 0.4, 5.1, 1.8, 2.8, 1.7, 1.8, 1.9, 0.1, 3.3, 0.6, 7.7, 66.4, 0.2, 34.1, 31.8, 3.3, 3.6, 0.7, 3.7, 0, 12.2, 3, 0.3, 3.5, 0.1, 12.4, 3.3, 6.5, 15.6, 8.8, 19.9, 30.1, 38.3, 0.1, 1.5, 6.8, 11.6, 28.7, 24.6, 15.4, 31.8, 5, 7, 11.2, 4.6, 13.2, 5.2, 6.1, 22, 5.6, 7, 5.8, 19.5, 5, 12, 41.4, 22.2, 1.6, 12.2, 10.7, 10.7, 5.3, 8.4, 38.2, 23, 53.6, 4.9, 0, 35.8, 10.8, 4.8, 16, 16.9, 30, 27.9, 1.9, 22.4, 55.3, 
55.2, 25.2, 18.8, 34, 39.7, 27.2, 19.2, 40.9, 46.8, 45.3, 7.6, 8.4, 14.3, 10.4, 100, 99.6, 99.9, 86.3, 85.8, 85.3, 97.6, 0.1, 0.2, 10, 3.2, 3.3, 0.9, 9.9)
cubist, Mon Jan 08 00:01:51 2018, 0.718, kaggle housing, c(100, 76, 51.2, 56.8, 67.2, 72, 9.6, 10.4, 60.8, 24.8, 36.8, 44, 63.2, 26.4, 43.2, 67.2, 63.2, 53.6, 49.6, 44.8, 36, 35.2, 35.2, 34.4, 32.8, 32, 31.2, 31.2, 28, 28, 28, 27.2, 26.4, 26.4, 25.6, 21.6, 21.6, 21.6, 20, 17.6, 16, 16, 16, 15.2, 15.2, 13.6, 12.8, 12, 12, 11.2, 11.2, 11.2, 11.2, 9.6, 8.8, 8, 7.2, 7.2, 7.2, 6.4, 5.6, 5.6, 4.8, 4.8, 4, 4, 4, 4, 3.2, 3.2, 3.2, 2.4, 2.4, 2.4, 2.4, 1.6, 1.6, 1.6, 1.6, 1.6, 0.8, 0.8, 0.8, 0, 0, 0, 0, 0, 0, 0, 0, 0, 0, 0, 0, 0, 0, 0, 0, 0, 0, 0, 0, 0, 0, 0, 0, 
0, 0, 0, 0, 0, 0, 0, 0, 0, 0, 0, 0, 0, 0, 0, 0, 0, 0, 0)
gbm, Mon Jan 08 00:52:53 2018, 0.705, kaggle housing, c(1.9, 0.4, 0.9, 0.5, 3.1, 6, 0, 0, 0.1, 0.3, 0.2, 0, 0.1, 0.1, 0.1, 0, 0.6, 0, 0.1, 0, 0.1, 0.5, 0, 0.1, 0.2, 0.3, 0, 0, 0.1, 0.1, 0, 100, 4.8, 5.4, 5.1, 0.1, 0.1, 0, 0.1, 0, 0.2, 0.1, 0, 0, 0, 0.1, 0, 0.1, 0, 0.1, 0.6, 0.2, 4.9, 0, 0.3, 0.1, 0.1, 0, 4.6, 1.6, 2, 0.8, 0.3, 2.2, 0.1, 1.2, 0.6, 0.3, 1.6, 0.5, 1.2, 1.6, 5.9, 0.2, 1.5, 12.3, 0, 0.1, 0.2, 1.9, 1.1, 0.1, 0.2, 7.4, 1.3, 40.4, 0.5, 0, 2.3, 0.6, 0.4, 0.6, 0.2, 1, 0.8, 0.3, 0.6, 0.9, 1.2, 1.1, 0, 2.4, 12.8, 0.4, 0.3, 11.8, 8.6, 5, 0.1, 0.2, 
0.8, 1.3, 0, 0, 0, 0, 0.2, 0.1, 0, 0.9, 0.6, 0.1, 0.1, 1.2, 1.3, 0)
plsRglm, Mon Jan 08 01:25:12 2018, 0.624, kaggle housing, c(0.3, 0.6, 9.5, 12.4, 23.5, 17.8, 97.1, 97.1, 6.7, 9.1, 0.2, 0, 1.7, 0.8, 0.4, 1.2, 4.7, 0.5, 3, 11.7, 0.4, 5.1, 1.8, 2.8, 1.7, 1.8, 1.9, 0.1, 3.3, 0.6, 7.7, 66.4, 0.2, 34.1, 31.8, 3.3, 3.6, 0.7, 3.7, 0, 12.2, 3, 0.3, 3.5, 0.1, 12.4, 3.3, 6.5, 15.6, 8.8, 19.9, 30.1, 38.3, 0.1, 1.5, 6.8, 11.6, 28.7, 24.6, 15.4, 31.8, 5, 7, 11.2, 4.6, 13.2, 5.2, 6.1, 22, 5.6, 7, 5.8, 19.5, 5, 12, 41.4, 22.2, 1.6, 12.2, 10.7, 10.7, 5.3, 8.4, 38.2, 23, 53.6, 4.9, 0, 35.8, 10.8, 4.8, 16, 16.9, 30, 27.9, 1.9, 22.4, 55.3, 
55.2, 25.2, 18.8, 34, 39.7, 27.2, 19.2, 40.9, 46.8, 45.3, 7.6, 8.4, 14.3, 10.4, 100, 99.6, 99.9, 86.3, 85.8, 85.3, 97.6, 0.1, 0.2, 10, 3.2, 3.3, 0.9, 9.9)
rpart, Mon Jan 08 01:27:19 2018, 0.539, kaggle housing, c(40.1, 7.7, 3.4, 13.9, 6.2, 7, 3.5, 2.7, 9.2, 8.9, 10.9, 5.6, 2, 10.3, 79.4, 7.2, 3.7, 30.2, 56.4, 5.4, 7.8, 7.8, 17.3, 66.2, 11.5, 100, 13.4, 20.4, 12.2, 4.4, 2, 5.3, 5.1, 6.8, 2.6, 13.3, 4.4, 17.7, 30.5, 63.1, 12.7, 18.2, 6.6, 4.1, 2.3, 2.9, 14.9, 2.9, 5.5, 1.5, 5.1, 6.4, 5.3, 2.9, 81.7, 20.4, 5.9, 41.1, 32.1, 0, 0, 0, 0, 0, 0, 0, 0, 0, 0, 0, 0, 0, 0, 0, 0, 0, 0, 0, 0, 0, 0, 0, 0, 0, 0, 0, 0, 0, 0, 0, 0, 0, 0, 0, 0, 0, 0, 0, 0, 0, 0, 0, 0, 0, 0, 0, 0, 0, 0, 0, 0, 0, 0, 0, 0, 0, 0, 0, 0, 0, 0, 
0, 0, 0, 0, 0)
rpart1SE, Mon Jan 08 01:27:25 2018, 0.495, kaggle housing, c(17.7, 13.8, 26, 63.1, 22.3, 22.3, 64.9, 100, 31.7, 7.5, 8.1, 44.5, 42.6, 91.1, 10, 42.9, 0, 0, 0, 0, 0, 0, 0, 0, 0, 0, 0, 0, 0, 0, 0, 0, 0, 0, 0, 0, 0, 0, 0, 0, 0, 0, 0, 0, 0, 0, 0, 0, 0, 0, 0, 0, 0, 0, 0, 0, 0, 0, 0, 0, 0, 0, 0, 0, 0, 0, 0, 0, 0, 0, 0, 0, 0, 0, 0, 0, 0, 0, 0, 0, 0, 0, 0, 0, 0, 0, 0, 0, 0, 0, 0, 0, 0, 0, 0, 0, 0, 0, 0, 0, 0, 0, 0, 0, 0, 0, 0, 0, 0, 0, 0, 0, 0, 0, 0, 0, 0, 0, 0, 0, 0, 0, 0, 0, 0, 0)
rpart2, Mon Jan 08 01:27:31 2018, 0.495, kaggle housing, c(17.7, 13.8, 26, 63.1, 22.3, 22.3, 64.9, 100, 31.7, 7.5, 8.1, 44.5, 42.6, 91.1, 10, 42.9, 0, 0, 0, 0, 0, 0, 0, 0, 0, 0, 0, 0, 0, 0, 0, 0, 0, 0, 0, 0, 0, 0, 0, 0, 0, 0, 0, 0, 0, 0, 0, 0, 0, 0, 0, 0, 0, 0, 0, 0, 0, 0, 0, 0, 0, 0, 0, 0, 0, 0, 0, 0, 0, 0, 0, 0, 0, 0, 0, 0, 0, 0, 0, 0, 0, 0, 0, 0, 0, 0, 0, 0, 0, 0, 0, 0, 0, 0, 0, 0, 0, 0, 0, 0, 0, 0, 0, 0, 0, 0, 0, 0, 0, 0, 0, 0, 0, 0, 0, 0, 0, 0, 0, 0, 0, 0, 0, 0, 0, 0)
treebag, Mon Jan 08 08:39:40 2018, 0.585, kaggle housing, c(15.1, 0, 0, 0, 0, 0, 0, 0, 0, 0, 0.6, 0, 0, 0, 0, 0, 2.7, 3.2, 23.1, 0, 0.5, 1.9, 0.8, 0.7, 0, 16.7, 2.7, 3.8, 0.9, 0, 0.7, 0, 0, 0, 0, 0.4, 0, 0.6, 0.8, 28.8, 0.6, 0, 1.4, 73.7, 0, 0, 0, 21.5, 22.5, 0.4, 0, 0.8, 64.2, 13.5, 100, 2.1, 0, 28.7, 1.1, 2.9, 1.9, 0.4, 2.1, 8.4, 0, 0, 9.8, 0, 0, 2.6, 0, 9.6, 3.7, 0, 0, 8.6, 53.3, 64.9, 0, 2.2, 0.5, 0.6, 3.5, 0, 0, 0, 0, 0, 0, 0, 0, 0, 0.8, 0, 0, 2.9, 1.3, 0, 0, 3.5, 0, 0, 0.5, 0, 0, 0, 0, 6.1, 0, 0, 0, 0, 4.1, 0, 0, 8.3, 1, 0.9, 1.8, 93.4, 12.2, 5, 48.1, 
16.4, 0, 0)
xgbLinear, Mon Jan 08 09:09:22 2018, 0.674, kaggle housing, c(100, 18.1, 12.3, 11, 3.6, 3.4, 3, 2.9, 2.9, 2.2, 2.1, 1.5, 1.4, 1.4, 1.4, 1.4, 1.2, 1.1, 0.8, 0.7, 0.6, 0.6, 0.6, 0.5, 0.5, 0.4, 0.4, 0.4, 0.4, 0.4, 0.4, 0.4, 0.4, 0.4, 0.3, 0.3, 0.3, 0.2, 0.2, 0.2, 0.2, 0.2, 0.2, 0.2, 0.2, 0.2, 0.1, 0.1, 0.1, 0.1, 0.1, 0.1, 0.1, 0.1, 0.1, 0.1, 0.1, 0.1, 0.1, 0.1, 0.1, 0.1, 0.1, 0.1, 0.1, 0.1, 0.1, 0, 0, 0, 0, 0, 0, 0, 0, 0, 0, 0, 0, 0, 0, 0, 0, 0, 0, 0, 0, 0, 0, 0, 0, 0, 0, 0, 0, 0, 0, 0, 0, 0, 0, 0, 0, 0, 0, 0, 0, 0, 0, 0, 0, 0, 0, 0, 0, 0, 0, 0, 0, 0, 0, 0, 
0, 0, 0, 0)
xgbTree, Mon Jan 08 09:18:36 2018, 0.695, kaggle housing, c(100, 20, 10.3, 9.2, 8.5, 5.9, 5, 4.9, 4.2, 3.6, 3.2, 2.9, 2.6, 2.5, 2.4, 2.2, 2, 1.8, 1.7, 1.3, 1.2, 1.2, 1.1, 0.9, 0.9, 0.7, 0.7, 0.6, 0.5, 0.5, 0.5, 0.5, 0.5, 0.5, 0.4, 0.4, 0.4, 0.4, 0.4, 0.4, 0.4, 0.4, 0.3, 0.3, 0.3, 0.3, 0.3, 0.2, 0.2, 0.2, 0.2, 0.2, 0.2, 0.1, 0.1, 0.1, 0.1, 0.1, 0.1, 0.1, 0.1, 0.1, 0.1, 0.1, 0.1, 0.1, 0.1, 0.1, 0.1, 0.1, 0.1, 0.1, 0.1, 0.1, 0, 0, 0, 0, 0, 0, 0, 0, 0, 0, 0, 0, 0, 0, 0, 0, 0, 0, 0, 0, 0, 0, 0, 0, 0, 0, 0, 0, 0, 0, 0, 0, 0, 0, 0, 0, 0, 0, 0, 0, 0, 0, 0, 0, 0, 
0, 0, 0, 0, 0, 0, 0)
BstLm, Mon Jan 08 09:43:48 2018, 0.692, kaggle housing, c(0.1, 0.5, 7.2, 10.5, 22.9, 14.5, 97.8, 97.8, 5.2, 7.7, 0, 0, 2.5, 1, 0, 1.7, 4.3, 0.6, 2.9, 11, 0.3, 4.5, 1.6, 3, 1, 1, 1.8, 0.1, 3.4, 0.6, 7.5, 68.8, 0.1, 34.2, 32.6, 4.4, 4.8, 0.5, 2.8, 0, 11.3, 3.1, 0.3, 2.8, 0.1, 11.3, 2.8, 6, 16.4, 11.6, 21.2, 25.9, 35.2, 0.2, 1.5, 5.7, 11.8, 27.8, 27.5, 14.7, 31.7, 6, 7.2, 11.1, 5.9, 12.8, 6.4, 8.2, 24.5, 6.6, 7.9, 7.1, 22.6, 6, 10.1, 43.4, 23.1, 1.9, 11.2, 12.9, 12.9, 5.1, 9.1, 40.6, 23.9, 55.4, 5.5, 0, 36.5, 10, 4.5, 16.9, 16.2, 28.8, 29.2, 1.8, 22.1, 57.1, 
56.9, 28.1, 18.8, 34, 40.9, 29.9, 19.3, 40.7, 46.8, 45.4, 8.6, 9.3, 13.5, 9.5, 100, 99.6, 100, 87.4, 86.7, 86.4, 96.8, 0.4, 0.1, 10.4, 4.2, 2.9, 0.8, 10.3)
cforest, Mon Jan 08 10:16:19 2018, 0.659, kaggle housing, c(0, 0.3, 0.9, 1.1, 0.3, 1.4, 0, 0, 0.1, 0.4, 0.1, 0, 0, 0, 0.2, 0.1, 0.1, 0, 0.1, 0, 0.1, 0.3, 0, 0, 0, 0, 0.5, 0, 0.1, 0.2, 0.2, 100, 1.8, 7.4, 2.8, 0.1, 0.1, 0, 0, 0, 0.2, 0, 0, 0, 0, 0.1, 0, 0.1, 0.1, 0.1, 0.3, 0.5, 3.2, 0, 0, 0.3, 0.1, 0.2, 1.4, 0.4, 0.5, 0, 0, 0, 0, 0.1, 0.1, 0, 0.4, 0, 0, 0.4, 3.5, 0, 0.2, 13.4, 0.2, 0, 0.1, 2.1, 2.2, 0, 0.1, 9.2, 1.5, 52, 0.9, 0, 3.1, 0.5, 0.7, 0.5, 0.5, 1.5, 1.6, 0.1, 2.4, 0, 0, 0.5, 0, 0.6, 0.6, 0.2, 0.2, 0.8, 17.4, 7.4, 0.2, 0.5, 0.2, 0.2, 0, 0, 0, 0, 
0, 0, 0, 0, 0, 0.1, 0.1, 0.1, 0.2, 0.1)
ctree, Mon Jan 08 10:16:58 2018, 0.523, kaggle housing, c(0.1, 0.5, 7.2, 10.5, 22.9, 14.5, 97.8, 97.8, 5.2, 7.7, 0, 0, 2.5, 1, 0, 1.7, 4.3, 0.6, 2.9, 11, 0.3, 4.5, 1.6, 3, 1, 1, 1.8, 0.1, 3.4, 0.6, 7.5, 68.8, 0.1, 34.2, 32.6, 4.4, 4.8, 0.5, 2.8, 0, 11.3, 3.1, 0.3, 2.8, 0.1, 11.3, 2.8, 6, 16.4, 11.6, 21.2, 25.9, 35.2, 0.2, 1.5, 5.7, 11.8, 27.8, 27.5, 14.7, 31.7, 6, 7.2, 11.1, 5.9, 12.8, 6.4, 8.2, 24.5, 6.6, 7.9, 7.1, 22.6, 6, 10.1, 43.4, 23.1, 1.9, 11.2, 12.9, 12.9, 5.1, 9.1, 40.6, 23.9, 55.4, 5.5, 0, 36.5, 10, 4.5, 16.9, 16.2, 28.8, 29.2, 1.8, 22.1, 57.1, 
56.9, 28.1, 18.8, 34, 40.9, 29.9, 19.3, 40.7, 46.8, 45.4, 8.6, 9.3, 13.5, 9.5, 100, 99.6, 100, 87.4, 86.7, 86.4, 96.8, 0.4, 0.1, 10.4, 4.2, 2.9, 0.8, 10.3)
ctree2, Mon Jan 08 10:17:32 2018, 0.529, kaggle housing, c(0.1, 0.5, 7.2, 10.5, 22.9, 14.5, 97.8, 97.8, 5.2, 7.7, 0, 0, 2.5, 1, 0, 1.7, 4.3, 0.6, 2.9, 11, 0.3, 4.5, 1.6, 3, 1, 1, 1.8, 0.1, 3.4, 0.6, 7.5, 68.8, 0.1, 34.2, 32.6, 4.4, 4.8, 0.5, 2.8, 0, 11.3, 3.1, 0.3, 2.8, 0.1, 11.3, 2.8, 6, 16.4, 11.6, 21.2, 25.9, 35.2, 0.2, 1.5, 5.7, 11.8, 27.8, 27.5, 14.7, 31.7, 6, 7.2, 11.1, 5.9, 12.8, 6.4, 8.2, 24.5, 6.6, 7.9, 7.1, 22.6, 6, 10.1, 43.4, 23.1, 1.9, 11.2, 12.9, 12.9, 5.1, 9.1, 40.6, 23.9, 55.4, 5.5, 0, 36.5, 10, 4.5, 16.9, 16.2, 28.8, 29.2, 1.8, 22.1, 57.1, 
56.9, 28.1, 18.8, 34, 40.9, 29.9, 19.3, 40.7, 46.8, 45.4, 8.6, 9.3, 13.5, 9.5, 100, 99.6, 100, 87.4, 86.7, 86.4, 96.8, 0.4, 0.1, 10.4, 4.2, 2.9, 0.8, 10.3)
cubist, Mon Jan 08 10:50:34 2018, 0.712, kaggle housing, c(91.5, 100, 83.1, 87.3, 52.5, 61.9, 74.6, 17.8, 27.1, 80.5, 45.8, 76.3, 49.2, 42.4, 39.8, 39, 38.1, 30.5, 26.3, 24.6, 23.7, 22.9, 19.5, 19.5, 17.8, 16.9, 16.1, 16.1, 15.3, 14.4, 13.6, 13.6, 12.7, 12.7, 11.9, 11.9, 11, 11, 11, 10.2, 9.3, 9.3, 9.3, 9.3, 9.3, 8.5, 8.5, 7.6, 7.6, 6.8, 6.8, 6.8, 5.9, 5.1, 5.1, 5.1, 5.1, 4.2, 4.2, 3.4, 3.4, 3.4, 3.4, 2.5, 2.5, 2.5, 1.7, 1.7, 1.7, 1.7, 1.7, 0.8, 0.8, 0.8, 0, 0, 0, 0, 0, 0, 0, 0, 0, 0, 0, 0, 0, 0, 0, 0, 0, 0, 0, 0, 0, 0, 0, 0, 0, 0, 0, 0, 0, 0, 0, 0, 0, 
0, 0, 0, 0, 0, 0, 0, 0, 0, 0, 0, 0, 0, 0, 0, 0, 0, 0, 0)
gbm, Mon Jan 08 12:02:16 2018, 0.717, kaggle housing, c(1.8, 0.8, 1.5, 0.3, 4.2, 5.9, 0.1, 0.1, 0.3, 0.1, 0.2, 0, 0.2, 0.1, 0.1, 0, 0.4, 0, 0.1, 0, 0, 0.5, 0.2, 0.1, 0.1, 0.5, 0, 0, 0.1, 0.1, 0, 100, 4.6, 8.4, 5.9, 0, 0, 0, 0.1, 0.2, 0.1, 0.2, 0, 0, 0.1, 0, 0, 0.1, 0, 0, 1, 0.1, 0.1, 0.1, 0.1, 0, 0, 0.1, 4.3, 0.1, 0.8, 0, 0, 0.4, 0, 0.4, 0.2, 0.1, 1.3, 0, 0.3, 0.1, 6.5, 0, 1.5, 13.8, 0.1, 0.1, 0.2, 2.3, 1, 0.3, 0.1, 7.1, 1.9, 47.8, 0.5, 0.1, 2, 0.3, 0.7, 0.7, 0.4, 0.2, 0.9, 0.3, 0.3, 1.3, 1, 3.5, 0, 0.3, 15, 0.1, 0.2, 7, 5.8, 3.9, 0.2, 0.2, 0.8, 3.1, 
0, 0, 0, 0, 0.2, 0.2, 0, 1.8, 0.5, 0.1, 0.1, 0.6, 0.7, 0)
plsRglm, Mon Jan 08 12:47:29 2018, 0.64, kaggle housing, c(0.1, 0.5, 7.2, 10.5, 22.9, 14.5, 97.8, 97.8, 5.2, 7.7, 0, 0, 2.5, 1, 0, 1.7, 4.3, 0.6, 2.9, 11, 0.3, 4.5, 1.6, 3, 1, 1, 1.8, 0.1, 3.4, 0.6, 7.5, 68.8, 0.1, 34.2, 32.6, 4.4, 4.8, 0.5, 2.8, 0, 11.3, 3.1, 0.3, 2.8, 0.1, 11.3, 2.8, 6, 16.4, 11.6, 21.2, 25.9, 35.2, 0.2, 1.5, 5.7, 11.8, 27.8, 27.5, 14.7, 31.7, 6, 7.2, 11.1, 5.9, 12.8, 6.4, 8.2, 24.5, 6.6, 7.9, 7.1, 22.6, 6, 10.1, 43.4, 23.1, 1.9, 11.2, 12.9, 12.9, 5.1, 9.1, 40.6, 23.9, 55.4, 5.5, 0, 36.5, 10, 4.5, 16.9, 16.2, 28.8, 29.2, 1.8, 22.1, 57.1, 
56.9, 28.1, 18.8, 34, 40.9, 29.9, 19.3, 40.7, 46.8, 45.4, 8.6, 9.3, 13.5, 9.5, 100, 99.6, 100, 87.4, 86.7, 86.4, 96.8, 0.4, 0.1, 10.4, 4.2, 2.9, 0.8, 10.3)
rpart, Mon Jan 08 12:49:43 2018, 0.535, kaggle housing, c(40.5, 3.5, 3.5, 2.6, 10.8, 5.6, 3.2, 9.3, 2.7, 2.9, 2, 5.8, 5.2, 2.8, 66.8, 3.2, 17.9, 70.8, 3.3, 9.1, 9.1, 8.4, 80.2, 17.3, 100, 15.7, 7.6, 3.6, 9.9, 11.8, 14.7, 20.3, 26.2, 17.5, 23.7, 16.5, 24.5, 40.9, 10.2, 17.6, 2.4, 2.8, 3.9, 11.8, 2.6, 4.8, 10.7, 2.8, 6.7, 15.7, 3.1, 58.9, 15.2, 25.3, 71.1, 40.7, 2.1, 0, 0, 0, 0, 0, 0, 0, 0, 0, 0, 0, 0, 0, 0, 0, 0, 0, 0, 0, 0, 0, 0, 0, 0, 0, 0, 0, 0, 0, 0, 0, 0, 0, 0, 0, 0, 0, 0, 0, 0, 0, 0, 0, 0, 0, 0, 0, 0, 0, 0, 0, 0, 0, 0, 0, 0, 0, 0, 0, 0, 0, 0, 0, 
0, 0, 0, 0, 0, 0)
rpart1SE, Mon Jan 08 12:49:48 2018, 0.455, kaggle housing, c(16.9, 28.1, 10.6, 56.1, 27.5, 27.5, 43.8, 10.8, 82.8, 16.6, 7.2, 17.1, 36.6, 40.9, 9.2, 100, 10.8, 50.4, 16.1, 0, 0, 0, 0, 0, 0, 0, 0, 0, 0, 0, 0, 0, 0, 0, 0, 0, 0, 0, 0, 0, 0, 0, 0, 0, 0, 0, 0, 0, 0, 0, 0, 0, 0, 0, 0, 0, 0, 0, 0, 0, 0, 0, 0, 0, 0, 0, 0, 0, 0, 0, 0, 0, 0, 0, 0, 0, 0, 0, 0, 0, 0, 0, 0, 0, 0, 0, 0, 0, 0, 0, 0, 0, 0, 0, 0, 0, 0, 0, 0, 0, 0, 0, 0, 0, 0, 0, 0, 0, 0, 0, 0, 0, 0, 0, 0, 0, 0, 0, 0, 0, 0, 0, 0, 0, 0, 0)
rpart2, Mon Jan 08 12:49:55 2018, 0.455, kaggle housing, c(16.9, 28.1, 10.6, 56.1, 27.5, 27.5, 43.8, 10.8, 82.8, 16.6, 7.2, 17.1, 36.6, 40.9, 9.2, 100, 10.8, 50.4, 16.1, 0, 0, 0, 0, 0, 0, 0, 0, 0, 0, 0, 0, 0, 0, 0, 0, 0, 0, 0, 0, 0, 0, 0, 0, 0, 0, 0, 0, 0, 0, 0, 0, 0, 0, 0, 0, 0, 0, 0, 0, 0, 0, 0, 0, 0, 0, 0, 0, 0, 0, 0, 0, 0, 0, 0, 0, 0, 0, 0, 0, 0, 0, 0, 0, 0, 0, 0, 0, 0, 0, 0, 0, 0, 0, 0, 0, 0, 0, 0, 0, 0, 0, 0, 0, 0, 0, 0, 0, 0, 0, 0, 0, 0, 0, 0, 0, 0, 0, 0, 0, 0, 0, 0, 0, 0, 0, 0)
treebag, Mon Jan 08 17:16:05 2018, 0.555, kaggle housing, c(10.5, 0, 0, 0, 0.6, 0.6, 0, 0, 0, 0, 0.7, 0, 0, 0.5, 0, 0, 1.6, 1.3, 17.2, 0, 0, 0, 1.3, 0, 0.7, 18.4, 3.3, 0.7, 0, 0, 1.1, 0, 0, 0, 0.7, 1, 0, 0, 1.7, 29.1, 3.8, 0, 0.4, 60.5, 0, 0, 0, 12.8, 12.1, 0, 1.4, 0, 52.1, 13.6, 100, 0.3, 0, 23.7, 0.4, 2.4, 6, 2.8, 1.8, 9.2, 0, 0, 7.3, 0, 0, 1.4, 0, 4.4, 1, 0.5, 0, 2.3, 49.6, 56, 0, 3.5, 2.9, 0, 1.8, 0, 0, 0, 0, 0, 0, 0, 0, 2.5, 0, 0, 0, 1, 0, 0, 0, 2.4, 0.3, 0, 0, 0, 0, 0, 0, 1.4, 0, 0, 0, 0, 3.6, 0.3, 0, 7.9, 0, 0, 0, 95.4, 5.1, 4.1, 50, 18.8, 0.5, 0.5
)
xgbLinear, Mon Jan 08 17:41:16 2018, 0.679, kaggle housing, c(100, 33.6, 9.4, 8.3, 6.3, 5.2, 4.6, 4.2, 3.8, 1.6, 1.6, 1.3, 1.1, 1, 1, 0.8, 0.8, 0.7, 0.6, 0.6, 0.6, 0.5, 0.4, 0.4, 0.3, 0.3, 0.2, 0.2, 0.2, 0.2, 0.2, 0.2, 0.2, 0.1, 0.1, 0.1, 0.1, 0.1, 0.1, 0.1, 0.1, 0.1, 0.1, 0.1, 0.1, 0.1, 0.1, 0.1, 0.1, 0.1, 0.1, 0.1, 0.1, 0.1, 0.1, 0.1, 0.1, 0, 0, 0, 0, 0, 0, 0, 0, 0, 0, 0, 0, 0, 0, 0, 0, 0, 0, 0, 0, 0, 0, 0, 0, 0, 0, 0, 0, 0, 0, 0, 0, 0, 0, 0, 0, 0, 0, 0, 0, 0, 0, 0, 0, 0, 0, 0, 0, 0, 0, 0, 0, 0, 0, 0, 0, 0, 0, 0, 0, 0, 0, 0, 0, 0, 0, 0, 0, 0)
xgbTree, Mon Jan 08 17:55:38 2018, 0.672, kaggle housing, c(100, 71.9, 28.4, 18.6, 18.5, 12.6, 12.5, 11.1, 9.1, 7.3, 6.9, 5.8, 5.3, 5.2, 4.7, 4.5, 3.6, 2.6, 2.3, 1.6, 1.2, 1.2, 0.9, 0.9, 0.9, 0.8, 0.8, 0.7, 0.7, 0.6, 0.6, 0.5, 0.4, 0.3, 0, 0, 0, 0, 0, 0, 0, 0, 0, 0, 0, 0, 0, 0, 0, 0, 0, 0, 0, 0, 0, 0, 0, 0, 0, 0, 0, 0, 0, 0, 0, 0, 0, 0, 0, 0, 0, 0, 0, 0, 0, 0, 0, 0, 0, 0, 0, 0, 0, 0, 0, 0, 0, 0, 0, 0, 0, 0, 0, 0, 0, 0, 0, 0, 0, 0, 0, 0, 0, 0, 0, 0, 0, 0, 0, 0, 0, 0, 0, 0, 0, 0, 0, 0, 0, 0, 0, 0, 0, 0, 0, 0)
BstLm, Mon Jan 08 18:20:20 2018, 0.622, kaggle housing, c(0, 0.8, 8.4, 11.8, 16.8, 97.2, 97.2, 6.4, 8.8, 0, 0, 2.5, 0.8, 0.1, 1.6, 4.8, 0.7, 3.6, 12.2, 0.5, 4, 1.3, 2.9, 1.9, 1.7, 2.2, 0.1, 2.9, 0.5, 6.4, 66.7, 0.1, 34.7, 32.5, 2.6, 3.2, 0.8, 2.8, 0, 11.7, 4.1, 0.4, 2.8, 0, 11.6, 3.5, 6.4, 16.8, 11.1, 0.8, 27, 35.1, 0.3, 2, 6.3, 11, 28.1, 25.1, 16.5, 32.4, 6.6, 7.5, 12.5, 6.5, 13.5, 6.9, 8.2, 22.4, 7.5, 8.4, 7.2, 19.7, 6.7, 12.2, 42.4, 20.7, 1.3, 10.7, 13.8, 13.8, 4.8, 8.7, 38.7, 21.4, 54.3, 4.8, 0, 37.6, 10.6, 4.7, 15.7, 17.9, 29, 30, 1.4, 25.1, 57.3, 
56.7, 25, 20.2, 34.8, 41.1, 28.1, 19.2, 40.8, 46.5, 0, 8.4, 9.3, 0.4, 1.4, 100, 100, 100, 88.1, 87.6, 87.2, 96.9, 0.3, 0.1, 10.7, 4.1, 2.3, 1.1, 10.6)
cforest, Mon Jan 08 18:49:49 2018, 0.646, kaggle housing, c(0, 0.5, 0.6, 1.6, 3.2, 0, 0, 0.1, 0.5, 0.2, 0, 0, 0, 0.2, 0.1, 0.2, 0, 0.1, 0, 0, 0.2, 0, 0.1, 0, 0.2, 1.2, 0.1, 0.1, 0.2, 0.2, 100, 2.1, 5.8, 3, 0, 0.1, 0, 0, 0, 0.2, 0, 0, 0, 0, 0.1, 0, 0.1, 0.1, 0, 0.2, 0.7, 4.3, 0, 0.1, 0.1, 0.2, 0.2, 1.1, 0.7, 0.5, 0.1, 0, 0.2, 0, 0.2, 0.1, 0, 0.2, 0, 0, 0.7, 3.2, 0, 0.2, 14, 0.2, 0, 0.1, 3, 2.9, 0, 0, 10.1, 1.7, 49.4, 0.7, 0, 5.1, 0.8, 0.5, 0.5, 1.1, 2.1, 2.7, 0.1, 2.2, 0, 0, 0.7, 0, 1.5, 0.7, 0.1, 0.1, 1.2, 19.8, 0.1, 0.7, 0.4, 0.1, 0.1, 0, 0, 0, 0, 0, 0, 
0, 0, 0, 0.1, 0, 0.2, 0, 0)
ctree, Mon Jan 08 18:50:29 2018, 0.538, kaggle housing, c(0, 0.8, 8.4, 11.8, 16.8, 97.2, 97.2, 6.4, 8.8, 0, 0, 2.5, 0.8, 0.1, 1.6, 4.8, 0.7, 3.6, 12.2, 0.5, 4, 1.3, 2.9, 1.9, 1.7, 2.2, 0.1, 2.9, 0.5, 6.4, 66.7, 0.1, 34.7, 32.5, 2.6, 3.2, 0.8, 2.8, 0, 11.7, 4.1, 0.4, 2.8, 0, 11.6, 3.5, 6.4, 16.8, 11.1, 0.8, 27, 35.1, 0.3, 2, 6.3, 11, 28.1, 25.1, 16.5, 32.4, 6.6, 7.5, 12.5, 6.5, 13.5, 6.9, 8.2, 22.4, 7.5, 8.4, 7.2, 19.7, 6.7, 12.2, 42.4, 20.7, 1.3, 10.7, 13.8, 13.8, 4.8, 8.7, 38.7, 21.4, 54.3, 4.8, 0, 37.6, 10.6, 4.7, 15.7, 17.9, 29, 30, 1.4, 25.1, 57.3, 
56.7, 25, 20.2, 34.8, 41.1, 28.1, 19.2, 40.8, 46.5, 0, 8.4, 9.3, 0.4, 1.4, 100, 100, 100, 88.1, 87.6, 87.2, 96.9, 0.3, 0.1, 10.7, 4.1, 2.3, 1.1, 10.6)
ctree2, Mon Jan 08 18:51:03 2018, 0.558, kaggle housing, c(0, 0.8, 8.4, 11.8, 16.8, 97.2, 97.2, 6.4, 8.8, 0, 0, 2.5, 0.8, 0.1, 1.6, 4.8, 0.7, 3.6, 12.2, 0.5, 4, 1.3, 2.9, 1.9, 1.7, 2.2, 0.1, 2.9, 0.5, 6.4, 66.7, 0.1, 34.7, 32.5, 2.6, 3.2, 0.8, 2.8, 0, 11.7, 4.1, 0.4, 2.8, 0, 11.6, 3.5, 6.4, 16.8, 11.1, 0.8, 27, 35.1, 0.3, 2, 6.3, 11, 28.1, 25.1, 16.5, 32.4, 6.6, 7.5, 12.5, 6.5, 13.5, 6.9, 8.2, 22.4, 7.5, 8.4, 7.2, 19.7, 6.7, 12.2, 42.4, 20.7, 1.3, 10.7, 13.8, 13.8, 4.8, 8.7, 38.7, 21.4, 54.3, 4.8, 0, 37.6, 10.6, 4.7, 15.7, 17.9, 29, 30, 1.4, 25.1, 57.3, 
56.7, 25, 20.2, 34.8, 41.1, 28.1, 19.2, 40.8, 46.5, 0, 8.4, 9.3, 0.4, 1.4, 100, 100, 100, 88.1, 87.6, 87.2, 96.9, 0.3, 0.1, 10.7, 4.1, 2.3, 1.1, 10.6)
avNNet, Wed Feb 21 19:42:47 2018, 0.353, Recc sim 1, c(17.5, 1.2, 1.1, 37.7, 57.5, 67.7, 14, 66.6, 71.4, 9.1, 13.5, 9.2, 0, 19, 54.5, 16.1, 42.1, 21.8, 22.7, 64.3, 55, 54.7, 0, 15.9, 9.2, 14.1, 46.9, 21.7, 6.7, 46.8, 5.4, 34.9, 43.1, 7.4, 44.5, 98.4, 2.1, 91, 19.4, 79.7, 62.6, 0, 22, 99.2, 35, 0, 45.4, 52.1, 25.8, 75.5, 49.4, 24.9, 0, 63.3, 32.2, 27.5, 12.2, 44.8, 28.2, 24.1, 41.2, 36.2, 71.1, 52.5, 71.8, 57.5, 13.3, 18.6, 18.6, 0, 18.6, 77.5, 74.6, 59.2, 62.7, 77, 70.2, 20.4, 24.6, 44.1, 48.6, 40.6, 12.1, 31.2, 100, 42.6, 23.8, 64.4, 80.7, 21.9, 18.7, 
57.6, 21.6, 35.1, 34.6, 82.2, 43.8, 59.7, 95.6)
bagEarth, Wed Feb 21 19:48:07 2018, 0.712, Recc sim 1, c(100, 76.5, 60.9, 50.8, 41.9, 34.4, 29.5, 23.3, 19.4, 13.7, 8.2, 4.1, 0.9, 0, 0, 0, 0, 0, 0, 0, 0, 0, 0, 0, 0, 0, 0, 0, 0, 0, 0, 0, 0, 0, 0, 0, 0, 0, 0, 0, 0, 0, 0, 0, 0, 0, 0, 0, 0, 0, 0, 0, 0, 0, 0, 0, 0, 0, 0, 0, 0, 0, 0, 0, 0, 0, 0, 0, 0, 0, 0, 0, 0, 0, 0, 0, 0, 0, 0, 0, 0, 0, 0, 0, 0, 0, 0, 0, 0, 0, 0, 0, 0, 0, 0, 0, 0, 0, 0)
bagEarthGCV, Wed Feb 21 19:49:00 2018, 0.74, Recc sim 1, c(100, 73.8, 58.1, 47.4, 38.3, 32.6, 25.8, 20.8, 15.5, 11.2, 0, 0, 0, 0, 0, 0, 0, 0, 0, 0, 0, 0, 0, 0, 0, 0, 0, 0, 0, 0, 0, 0, 0, 0, 0, 0, 0, 0, 0, 0, 0, 0, 0, 0, 0, 0, 0, 0, 0, 0, 0, 0, 0, 0, 0, 0, 0, 0, 0, 0, 0, 0, 0, 0, 0, 0, 0, 0, 0, 0, 0, 0, 0, 0, 0, 0, 0, 0, 0, 0, 0, 0, 0, 0, 0, 0, 0, 0, 0, 0, 0, 0, 0, 0, 0, 0, 0, 0, 0)
blasso, Wed Feb 21 19:57:36 2018, 0.748, Recc sim 1, c(17.5, 1.2, 1.1, 37.7, 57.5, 67.7, 14, 66.6, 71.4, 9.1, 13.5, 9.2, 0, 19, 54.5, 16.1, 42.1, 21.8, 22.7, 64.3, 55, 54.7, 0, 15.9, 9.2, 14.1, 46.9, 21.7, 6.7, 46.8, 5.4, 34.9, 43.1, 7.4, 44.5, 98.4, 2.1, 91, 19.4, 79.7, 62.6, 0, 22, 99.2, 35, 0, 45.4, 52.1, 25.8, 75.5, 49.4, 24.9, 0, 63.3, 32.2, 27.5, 12.2, 44.8, 28.2, 24.1, 41.2, 36.2, 71.1, 52.5, 71.8, 57.5, 13.3, 18.6, 18.6, 0, 18.6, 77.5, 74.6, 59.2, 62.7, 77, 70.2, 20.4, 24.6, 44.1, 48.6, 40.6, 12.1, 31.2, 100, 42.6, 23.8, 64.4, 80.7, 21.9, 18.7, 
57.6, 21.6, 35.1, 34.6, 82.2, 43.8, 59.7, 95.6)
blassoAveraged, Wed Feb 21 20:02:53 2018, 0.744, Recc sim 1, c(17.5, 1.2, 1.1, 37.7, 57.5, 67.7, 14, 66.6, 71.4, 9.1, 13.5, 9.2, 0, 19, 54.5, 16.1, 42.1, 21.8, 22.7, 64.3, 55, 54.7, 0, 15.9, 9.2, 14.1, 46.9, 21.7, 6.7, 46.8, 5.4, 34.9, 43.1, 7.4, 44.5, 98.4, 2.1, 91, 19.4, 79.7, 62.6, 0, 22, 99.2, 35, 0, 45.4, 52.1, 25.8, 75.5, 49.4, 24.9, 0, 63.3, 32.2, 27.5, 12.2, 44.8, 28.2, 24.1, 41.2, 36.2, 71.1, 52.5, 71.8, 57.5, 13.3, 18.6, 18.6, 0, 18.6, 77.5, 74.6, 59.2, 62.7, 77, 70.2, 20.4, 24.6, 44.1, 48.6, 40.6, 12.1, 31.2, 100, 42.6, 23.8, 64.4, 80.7, 21.9, 18.7, 
57.6, 21.6, 35.1, 34.6, 82.2, 43.8, 59.7, 95.6)
bridge, Wed Feb 21 20:07:57 2018, 0.758, Recc sim 1, c(17.5, 1.2, 1.1, 37.7, 57.5, 67.7, 14, 66.6, 71.4, 9.1, 13.5, 9.2, 0, 19, 54.5, 16.1, 42.1, 21.8, 22.7, 64.3, 55, 54.7, 0, 15.9, 9.2, 14.1, 46.9, 21.7, 6.7, 46.8, 5.4, 34.9, 43.1, 7.4, 44.5, 98.4, 2.1, 91, 19.4, 79.7, 62.6, 0, 22, 99.2, 35, 0, 45.4, 52.1, 25.8, 75.5, 49.4, 24.9, 0, 63.3, 32.2, 27.5, 12.2, 44.8, 28.2, 24.1, 41.2, 36.2, 71.1, 52.5, 71.8, 57.5, 13.3, 18.6, 18.6, 0, 18.6, 77.5, 74.6, 59.2, 62.7, 77, 70.2, 20.4, 24.6, 44.1, 48.6, 40.6, 12.1, 31.2, 100, 42.6, 23.8, 64.4, 80.7, 21.9, 18.7, 
57.6, 21.6, 35.1, 34.6, 82.2, 43.8, 59.7, 95.6)
BstLm, Wed Feb 21 20:09:03 2018, 0.72, Recc sim 1, c(17.5, 1.2, 1.1, 37.7, 57.5, 67.7, 14, 66.6, 71.4, 9.1, 13.5, 9.2, 0, 19, 54.5, 16.1, 42.1, 21.8, 22.7, 64.3, 55, 54.7, 0, 15.9, 9.2, 14.1, 46.9, 21.7, 6.7, 46.8, 5.4, 34.9, 43.1, 7.4, 44.5, 98.4, 2.1, 91, 19.4, 79.7, 62.6, 0, 22, 99.2, 35, 0, 45.4, 52.1, 25.8, 75.5, 49.4, 24.9, 0, 63.3, 32.2, 27.5, 12.2, 44.8, 28.2, 24.1, 41.2, 36.2, 71.1, 52.5, 71.8, 57.5, 13.3, 18.6, 18.6, 0, 18.6, 77.5, 74.6, 59.2, 62.7, 77, 70.2, 20.4, 24.6, 44.1, 48.6, 40.6, 12.1, 31.2, 100, 42.6, 23.8, 64.4, 80.7, 21.9, 18.7, 
57.6, 21.6, 35.1, 34.6, 82.2, 43.8, 59.7, 95.6)
cforest, Wed Feb 21 20:09:40 2018, 0.386, Recc sim 1, Failed
ctree, Wed Feb 21 20:09:55 2018, 0.271, Recc sim 1, c(17.5, 1.2, 1.1, 37.7, 57.5, 67.7, 14, 66.6, 71.4, 9.1, 13.5, 9.2, 0, 19, 54.5, 16.1, 42.1, 21.8, 22.7, 64.3, 55, 54.7, 0, 15.9, 9.2, 14.1, 46.9, 21.7, 6.7, 46.8, 5.4, 34.9, 43.1, 7.4, 44.5, 98.4, 2.1, 91, 19.4, 79.7, 62.6, 0, 22, 99.2, 35, 0, 45.4, 52.1, 25.8, 75.5, 49.4, 24.9, 0, 63.3, 32.2, 27.5, 12.2, 44.8, 28.2, 24.1, 41.2, 36.2, 71.1, 52.5, 71.8, 57.5, 13.3, 18.6, 18.6, 0, 18.6, 77.5, 74.6, 59.2, 62.7, 77, 70.2, 20.4, 24.6, 44.1, 48.6, 40.6, 12.1, 31.2, 100, 42.6, 23.8, 64.4, 80.7, 21.9, 18.7, 
57.6, 21.6, 35.1, 34.6, 82.2, 43.8, 59.7, 95.6)
ctree2, Wed Feb 21 20:10:10 2018, 0.196, Recc sim 1, c(17.5, 1.2, 1.1, 37.7, 57.5, 67.7, 14, 66.6, 71.4, 9.1, 13.5, 9.2, 0, 19, 54.5, 16.1, 42.1, 21.8, 22.7, 64.3, 55, 54.7, 0, 15.9, 9.2, 14.1, 46.9, 21.7, 6.7, 46.8, 5.4, 34.9, 43.1, 7.4, 44.5, 98.4, 2.1, 91, 19.4, 79.7, 62.6, 0, 22, 99.2, 35, 0, 45.4, 52.1, 25.8, 75.5, 49.4, 24.9, 0, 63.3, 32.2, 27.5, 12.2, 44.8, 28.2, 24.1, 41.2, 36.2, 71.1, 52.5, 71.8, 57.5, 13.3, 18.6, 18.6, 0, 18.6, 77.5, 74.6, 59.2, 62.7, 77, 70.2, 20.4, 24.6, 44.1, 48.6, 40.6, 12.1, 31.2, 100, 42.6, 23.8, 64.4, 80.7, 21.9, 18.7, 
57.6, 21.6, 35.1, 34.6, 82.2, 43.8, 59.7, 95.6)
cubist, Wed Feb 21 20:11:06 2018, 0.725, Recc sim 1, c(100, 97.7, 54.5, 97.7, 77.3, 100, 45.5, 72.7, 65.9, 59.1, 50, 50, 50, 47.7, 45.5, 43.2, 43.2, 43.2, 38.6, 36.4, 31.8, 29.5, 27.3, 27.3, 27.3, 25, 25, 22.7, 20.5, 20.5, 20.5, 20.5, 18.2, 18.2, 18.2, 15.9, 15.9, 15.9, 13.6, 13.6, 11.4, 11.4, 11.4, 9.1, 9.1, 6.8, 6.8, 6.8, 6.8, 6.8, 6.8, 6.8, 6.8, 6.8, 4.5, 4.5, 4.5, 4.5, 4.5, 4.5, 4.5, 4.5, 4.5, 4.5, 4.5, 2.3, 2.3, 2.3, 2.3, 2.3, 2.3, 2.3, 2.3, 2.3, 2.3, 2.3, 2.3, 2.3, 2.3, 0, 0, 0, 0, 0, 0, 0, 0, 0, 0, 0, 0, 0, 0, 0, 0, 0, 0, 0, 0)
dnn, Wed Feb 21 20:11:17 2018, 0.001, Recc sim 1, c(17.5, 1.2, 1.1, 37.7, 57.5, 67.7, 14, 66.6, 71.4, 9.1, 13.5, 9.2, 0, 19, 54.5, 16.1, 42.1, 21.8, 22.7, 64.3, 55, 54.7, 0, 15.9, 9.2, 14.1, 46.9, 21.7, 6.7, 46.8, 5.4, 34.9, 43.1, 7.4, 44.5, 98.4, 2.1, 91, 19.4, 79.7, 62.6, 0, 22, 99.2, 35, 0, 45.4, 52.1, 25.8, 75.5, 49.4, 24.9, 0, 63.3, 32.2, 27.5, 12.2, 44.8, 28.2, 24.1, 41.2, 36.2, 71.1, 52.5, 71.8, 57.5, 13.3, 18.6, 18.6, 0, 18.6, 77.5, 74.6, 59.2, 62.7, 77, 70.2, 20.4, 24.6, 44.1, 48.6, 40.6, 12.1, 31.2, 100, 42.6, 23.8, 64.4, 80.7, 21.9, 18.7, 
57.6, 21.6, 35.1, 34.6, 82.2, 43.8, 59.7, 95.6)
earth, Wed Feb 21 20:11:30 2018, 0.433, Recc sim 1, c(100, 71.6, 54.7, 54.7, 42.4, 36.4, 29.1, 23.5, 18.1, 0, 0, 0, 0, 0, 0, 0, 0, 0, 0, 0, 0, 0, 0, 0, 0, 0, 0, 0, 0, 0, 0, 0, 0, 0, 0, 0, 0, 0, 0, 0, 0, 0, 0, 0, 0, 0, 0, 0, 0, 0, 0, 0, 0, 0, 0, 0, 0, 0, 0, 0, 0, 0, 0, 0, 0, 0, 0, 0, 0, 0, 0, 0, 0, 0, 0, 0, 0, 0, 0, 0, 0, 0, 0, 0, 0, 0, 0, 0, 0, 0, 0, 0, 0, 0, 0, 0, 0, 0, 0)
elm, Wed Feb 21 20:11:39 2018, 0.314, Recc sim 1, c(17.5, 1.2, 1.1, 37.7, 57.5, 67.7, 14, 66.6, 71.4, 9.1, 13.5, 9.2, 0, 19, 54.5, 16.1, 42.1, 21.8, 22.7, 64.3, 55, 54.7, 0, 15.9, 9.2, 14.1, 46.9, 21.7, 6.7, 46.8, 5.4, 34.9, 43.1, 7.4, 44.5, 98.4, 2.1, 91, 19.4, 79.7, 62.6, 0, 22, 99.2, 35, 0, 45.4, 52.1, 25.8, 75.5, 49.4, 24.9, 0, 63.3, 32.2, 27.5, 12.2, 44.8, 28.2, 24.1, 41.2, 36.2, 71.1, 52.5, 71.8, 57.5, 13.3, 18.6, 18.6, 0, 18.6, 77.5, 74.6, 59.2, 62.7, 77, 70.2, 20.4, 24.6, 44.1, 48.6, 40.6, 12.1, 31.2, 100, 42.6, 23.8, 64.4, 80.7, 21.9, 18.7, 
57.6, 21.6, 35.1, 34.6, 82.2, 43.8, 59.7, 95.6)
enet, Wed Feb 21 20:11:56 2018, 0.785, Recc sim 1, c(17.5, 1.2, 1.1, 37.7, 57.5, 67.7, 14, 66.6, 71.4, 9.1, 13.5, 9.2, 0, 19, 54.5, 16.1, 42.1, 21.8, 22.7, 64.3, 55, 54.7, 0, 15.9, 9.2, 14.1, 46.9, 21.7, 6.7, 46.8, 5.4, 34.9, 43.1, 7.4, 44.5, 98.4, 2.1, 91, 19.4, 79.7, 62.6, 0, 22, 99.2, 35, 0, 45.4, 52.1, 25.8, 75.5, 49.4, 24.9, 0, 63.3, 32.2, 27.5, 12.2, 44.8, 28.2, 24.1, 41.2, 36.2, 71.1, 52.5, 71.8, 57.5, 13.3, 18.6, 18.6, 0, 18.6, 77.5, 74.6, 59.2, 62.7, 77, 70.2, 20.4, 24.6, 44.1, 48.6, 40.6, 12.1, 31.2, 100, 42.6, 23.8, 64.4, 80.7, 21.9, 18.7, 
57.6, 21.6, 35.1, 34.6, 82.2, 43.8, 59.7, 95.6)
extraTrees, Wed Feb 21 20:15:36 2018, 0.594, Recc sim 1, c(17.5, 1.2, 1.1, 37.7, 57.5, 67.7, 14, 66.6, 71.4, 9.1, 13.5, 9.2, 0, 19, 54.5, 16.1, 42.1, 21.8, 22.7, 64.3, 55, 54.7, 0, 15.9, 9.2, 14.1, 46.9, 21.7, 6.7, 46.8, 5.4, 34.9, 43.1, 7.4, 44.5, 98.4, 2.1, 91, 19.4, 79.7, 62.6, 0, 22, 99.2, 35, 0, 45.4, 52.1, 25.8, 75.5, 49.4, 24.9, 0, 63.3, 32.2, 27.5, 12.2, 44.8, 28.2, 24.1, 41.2, 36.2, 71.1, 52.5, 71.8, 57.5, 13.3, 18.6, 18.6, 0, 18.6, 77.5, 74.6, 59.2, 62.7, 77, 70.2, 20.4, 24.6, 44.1, 48.6, 40.6, 12.1, 31.2, 100, 42.6, 23.8, 64.4, 80.7, 21.9, 18.7, 
57.6, 21.6, 35.1, 34.6, 82.2, 43.8, 59.7, 95.6)
foba, Wed Feb 21 20:15:50 2018, 0.768, Recc sim 1, c(17.5, 1.2, 1.1, 37.7, 57.5, 67.7, 14, 66.6, 71.4, 9.1, 13.5, 9.2, 0, 19, 54.5, 16.1, 42.1, 21.8, 22.7, 64.3, 55, 54.7, 0, 15.9, 9.2, 14.1, 46.9, 21.7, 6.7, 46.8, 5.4, 34.9, 43.1, 7.4, 44.5, 98.4, 2.1, 91, 19.4, 79.7, 62.6, 0, 22, 99.2, 35, 0, 45.4, 52.1, 25.8, 75.5, 49.4, 24.9, 0, 63.3, 32.2, 27.5, 12.2, 44.8, 28.2, 24.1, 41.2, 36.2, 71.1, 52.5, 71.8, 57.5, 13.3, 18.6, 18.6, 0, 18.6, 77.5, 74.6, 59.2, 62.7, 77, 70.2, 20.4, 24.6, 44.1, 48.6, 40.6, 12.1, 31.2, 100, 42.6, 23.8, 64.4, 80.7, 21.9, 18.7, 
57.6, 21.6, 35.1, 34.6, 82.2, 43.8, 59.7, 95.6)
gamSpline, Wed Feb 21 20:17:51 2018, 0, Recc sim 1, Failed
gbm, Wed Feb 21 20:19:18 2018, 0.594, Recc sim 1, Failed
gcvEarth, Wed Feb 21 20:21:55 2018, 0.433, Recc sim 1, c(100, 71.6, 54.7, 54.7, 42.4, 36.4, 29.1, 23.5, 18.1, 0, 0, 0, 0, 0, 0, 0, 0, 0, 0, 0, 0, 0, 0, 0, 0, 0, 0, 0, 0, 0, 0, 0, 0, 0, 0, 0, 0, 0, 0, 0, 0, 0, 0, 0, 0, 0, 0, 0, 0, 0, 0, 0, 0, 0, 0, 0, 0, 0, 0, 0, 0, 0, 0, 0, 0, 0, 0, 0, 0, 0, 0, 0, 0, 0, 0, 0, 0, 0, 0, 0, 0, 0, 0, 0, 0, 0, 0, 0, 0, 0, 0, 0, 0, 0, 0, 0, 0, 0, 0)
glm, Wed Feb 21 20:22:02 2018, 0, Recc sim 1, c(NaN, NaN, NaN, NaN, NaN, NaN, NaN, NaN, NaN, NaN, NaN, NaN, NaN, NaN, NaN, NaN, NaN, NaN, NaN, NaN, NaN, NaN, NaN, NaN, NaN, NaN, NaN, NaN, NaN, NaN, NaN, NaN, NaN, NaN, NaN, NaN, NaN, NaN, NaN, NaN, NaN, NaN, NaN, NaN, NaN, NaN, NaN, NaN, NaN, NaN, NaN, NaN, NaN, NaN, NaN, NaN, NaN, NaN, NaN, NaN, NaN, NaN, NaN, NaN, NaN, NaN, NaN, NaN, NaN, NaN, NaN, NaN, NaN, NaN, NaN)
glmnet, Wed Feb 21 20:22:32 2018, 0.768, Recc sim 1, c(0, 0.4, 0, 17.6, 0, 32.6, 0, 35.5, 22.9, 15.8, 0, 0, 46.1, 0, 4, 0, 13.2, 0, 0.6, 10.5, 4.6, 35, 1.2, 23.7, 24.5, 0, 29.5, 7.4, 0, 66.2, 0, 0, 0, 0, 9.2, 50.1, 0.9, 32.2, 0, 100, 43.1, 0, 7, 23.6, 36.2, 0, 5.4, 46.9, 2.7, 60, 0, 11.8, 15.3, 4.1, 0, 15, 0, 0, 65.9, 0, 0, 7.8, 7.5, 39.9, 10.3, 48.5, 49.1, 0, 0, 5.8, 3, 15.4, 23.4, 9.2, 23.9, 12.5, 37.4, 6, 95.8, 22.6, 14.3, 39.7, 0, 0, 13.3, 1.9, 0, 14, 30.7, 8.4, 3.4, 6, 37.7, 0, 16.5, 33.8, 1.3, 51.8, 33.8)
glmStepAIC, Wed Feb 21 20:25:48 2018, 0, Recc sim 1, c(17.5, 1.2, 1.1, 37.7, 57.5, 67.7, 14, 66.6, 71.4, 9.1, 13.5, 9.2, 0, 19, 54.5, 16.1, 42.1, 21.8, 22.7, 64.3, 55, 54.7, 0, 15.9, 9.2, 14.1, 46.9, 21.7, 6.7, 46.8, 5.4, 34.9, 43.1, 7.4, 44.5, 98.4, 2.1, 91, 19.4, 79.7, 62.6, 0, 22, 99.2, 35, 0, 45.4, 52.1, 25.8, 75.5, 49.4, 24.9, 0, 63.3, 32.2, 27.5, 12.2, 44.8, 28.2, 24.1, 41.2, 36.2, 71.1, 52.5, 71.8, 57.5, 13.3, 18.6, 18.6, 0, 18.6, 77.5, 74.6, 59.2, 62.7, 77, 70.2, 20.4, 24.6, 44.1, 48.6, 40.6, 12.1, 31.2, 100, 42.6, 23.8, 64.4, 80.7, 21.9, 18.7, 
57.6, 21.6, 35.1, 34.6, 82.2, 43.8, 59.7, 95.6)
icr, Wed Feb 21 20:26:14 2018, 0.834, Recc sim 1, c(17.5, 1.2, 1.1, 37.7, 57.5, 67.7, 14, 66.6, 71.4, 9.1, 13.5, 9.2, 0, 19, 54.5, 16.1, 42.1, 21.8, 22.7, 64.3, 55, 54.7, 0, 15.9, 9.2, 14.1, 46.9, 21.7, 6.7, 46.8, 5.4, 34.9, 43.1, 7.4, 44.5, 98.4, 2.1, 91, 19.4, 79.7, 62.6, 0, 22, 99.2, 35, 0, 45.4, 52.1, 25.8, 75.5, 49.4, 24.9, 0, 63.3, 32.2, 27.5, 12.2, 44.8, 28.2, 24.1, 41.2, 36.2, 71.1, 52.5, 71.8, 57.5, 13.3, 18.6, 18.6, 0, 18.6, 77.5, 74.6, 59.2, 62.7, 77, 70.2, 20.4, 24.6, 44.1, 48.6, 40.6, 12.1, 31.2, 100, 42.6, 23.8, 64.4, 80.7, 21.9, 18.7, 
57.6, 21.6, 35.1, 34.6, 82.2, 43.8, 59.7, 95.6)
kernelpls, Wed Feb 21 20:26:26 2018, 0.803, Recc sim 1, Failed
kknn, Wed Feb 21 20:26:45 2018, 0.431, Recc sim 1, c(17.5, 1.2, 1.1, 37.7, 57.5, 67.7, 14, 66.6, 71.4, 9.1, 13.5, 9.2, 0, 19, 54.5, 16.1, 42.1, 21.8, 22.7, 64.3, 55, 54.7, 0, 15.9, 9.2, 14.1, 46.9, 21.7, 6.7, 46.8, 5.4, 34.9, 43.1, 7.4, 44.5, 98.4, 2.1, 91, 19.4, 79.7, 62.6, 0, 22, 99.2, 35, 0, 45.4, 52.1, 25.8, 75.5, 49.4, 24.9, 0, 63.3, 32.2, 27.5, 12.2, 44.8, 28.2, 24.1, 41.2, 36.2, 71.1, 52.5, 71.8, 57.5, 13.3, 18.6, 18.6, 0, 18.6, 77.5, 74.6, 59.2, 62.7, 77, 70.2, 20.4, 24.6, 44.1, 48.6, 40.6, 12.1, 31.2, 100, 42.6, 23.8, 64.4, 80.7, 21.9, 18.7, 
57.6, 21.6, 35.1, 34.6, 82.2, 43.8, 59.7, 95.6)
knn, Wed Feb 21 20:26:53 2018, 0.397, Recc sim 1, c(17.5, 1.2, 1.1, 37.7, 57.5, 67.7, 14, 66.6, 71.4, 9.1, 13.5, 9.2, 0, 19, 54.5, 16.1, 42.1, 21.8, 22.7, 64.3, 55, 54.7, 0, 15.9, 9.2, 14.1, 46.9, 21.7, 6.7, 46.8, 5.4, 34.9, 43.1, 7.4, 44.5, 98.4, 2.1, 91, 19.4, 79.7, 62.6, 0, 22, 99.2, 35, 0, 45.4, 52.1, 25.8, 75.5, 49.4, 24.9, 0, 63.3, 32.2, 27.5, 12.2, 44.8, 28.2, 24.1, 41.2, 36.2, 71.1, 52.5, 71.8, 57.5, 13.3, 18.6, 18.6, 0, 18.6, 77.5, 74.6, 59.2, 62.7, 77, 70.2, 20.4, 24.6, 44.1, 48.6, 40.6, 12.1, 31.2, 100, 42.6, 23.8, 64.4, 80.7, 21.9, 18.7, 
57.6, 21.6, 35.1, 34.6, 82.2, 43.8, 59.7, 95.6)
krlsPoly, Wed Feb 21 20:27:04 2018, 0.007, Recc sim 1, c(17.5, 1.2, 1.1, 37.7, 57.5, 67.7, 14, 66.6, 71.4, 9.1, 13.5, 9.2, 0, 19, 54.5, 16.1, 42.1, 21.8, 22.7, 64.3, 55, 54.7, 0, 15.9, 9.2, 14.1, 46.9, 21.7, 6.7, 46.8, 5.4, 34.9, 43.1, 7.4, 44.5, 98.4, 2.1, 91, 19.4, 79.7, 62.6, 0, 22, 99.2, 35, 0, 45.4, 52.1, 25.8, 75.5, 49.4, 24.9, 0, 63.3, 32.2, 27.5, 12.2, 44.8, 28.2, 24.1, 41.2, 36.2, 71.1, 52.5, 71.8, 57.5, 13.3, 18.6, 18.6, 0, 18.6, 77.5, 74.6, 59.2, 62.7, 77, 70.2, 20.4, 24.6, 44.1, 48.6, 40.6, 12.1, 31.2, 100, 42.6, 23.8, 64.4, 80.7, 21.9, 18.7, 
57.6, 21.6, 35.1, 34.6, 82.2, 43.8, 59.7, 95.6)
krlsRadial, Wed Feb 21 20:27:23 2018, 0.728, Recc sim 1, c(17.5, 1.2, 1.1, 37.7, 57.5, 67.7, 14, 66.6, 71.4, 9.1, 13.5, 9.2, 0, 19, 54.5, 16.1, 42.1, 21.8, 22.7, 64.3, 55, 54.7, 0, 15.9, 9.2, 14.1, 46.9, 21.7, 6.7, 46.8, 5.4, 34.9, 43.1, 7.4, 44.5, 98.4, 2.1, 91, 19.4, 79.7, 62.6, 0, 22, 99.2, 35, 0, 45.4, 52.1, 25.8, 75.5, 49.4, 24.9, 0, 63.3, 32.2, 27.5, 12.2, 44.8, 28.2, 24.1, 41.2, 36.2, 71.1, 52.5, 71.8, 57.5, 13.3, 18.6, 18.6, 0, 18.6, 77.5, 74.6, 59.2, 62.7, 77, 70.2, 20.4, 24.6, 44.1, 48.6, 40.6, 12.1, 31.2, 100, 42.6, 23.8, 64.4, 80.7, 21.9, 18.7, 
57.6, 21.6, 35.1, 34.6, 82.2, 43.8, 59.7, 95.6)
lars, Wed Feb 21 20:27:32 2018, 0.676, Recc sim 1, c(17.5, 1.2, 1.1, 37.7, 57.5, 67.7, 14, 66.6, 71.4, 9.1, 13.5, 9.2, 0, 19, 54.5, 16.1, 42.1, 21.8, 22.7, 64.3, 55, 54.7, 0, 15.9, 9.2, 14.1, 46.9, 21.7, 6.7, 46.8, 5.4, 34.9, 43.1, 7.4, 44.5, 98.4, 2.1, 91, 19.4, 79.7, 62.6, 0, 22, 99.2, 35, 0, 45.4, 52.1, 25.8, 75.5, 49.4, 24.9, 0, 63.3, 32.2, 27.5, 12.2, 44.8, 28.2, 24.1, 41.2, 36.2, 71.1, 52.5, 71.8, 57.5, 13.3, 18.6, 18.6, 0, 18.6, 77.5, 74.6, 59.2, 62.7, 77, 70.2, 20.4, 24.6, 44.1, 48.6, 40.6, 12.1, 31.2, 100, 42.6, 23.8, 64.4, 80.7, 21.9, 18.7, 
57.6, 21.6, 35.1, 34.6, 82.2, 43.8, 59.7, 95.6)
lars2, Wed Feb 21 20:27:41 2018, 0.725, Recc sim 1, c(17.5, 1.2, 1.1, 37.7, 57.5, 67.7, 14, 66.6, 71.4, 9.1, 13.5, 9.2, 0, 19, 54.5, 16.1, 42.1, 21.8, 22.7, 64.3, 55, 54.7, 0, 15.9, 9.2, 14.1, 46.9, 21.7, 6.7, 46.8, 5.4, 34.9, 43.1, 7.4, 44.5, 98.4, 2.1, 91, 19.4, 79.7, 62.6, 0, 22, 99.2, 35, 0, 45.4, 52.1, 25.8, 75.5, 49.4, 24.9, 0, 63.3, 32.2, 27.5, 12.2, 44.8, 28.2, 24.1, 41.2, 36.2, 71.1, 52.5, 71.8, 57.5, 13.3, 18.6, 18.6, 0, 18.6, 77.5, 74.6, 59.2, 62.7, 77, 70.2, 20.4, 24.6, 44.1, 48.6, 40.6, 12.1, 31.2, 100, 42.6, 23.8, 64.4, 80.7, 21.9, 18.7, 
57.6, 21.6, 35.1, 34.6, 82.2, 43.8, 59.7, 95.6)
lasso, Wed Feb 21 20:27:49 2018, 0.676, Recc sim 1, c(17.5, 1.2, 1.1, 37.7, 57.5, 67.7, 14, 66.6, 71.4, 9.1, 13.5, 9.2, 0, 19, 54.5, 16.1, 42.1, 21.8, 22.7, 64.3, 55, 54.7, 0, 15.9, 9.2, 14.1, 46.9, 21.7, 6.7, 46.8, 5.4, 34.9, 43.1, 7.4, 44.5, 98.4, 2.1, 91, 19.4, 79.7, 62.6, 0, 22, 99.2, 35, 0, 45.4, 52.1, 25.8, 75.5, 49.4, 24.9, 0, 63.3, 32.2, 27.5, 12.2, 44.8, 28.2, 24.1, 41.2, 36.2, 71.1, 52.5, 71.8, 57.5, 13.3, 18.6, 18.6, 0, 18.6, 77.5, 74.6, 59.2, 62.7, 77, 70.2, 20.4, 24.6, 44.1, 48.6, 40.6, 12.1, 31.2, 100, 42.6, 23.8, 64.4, 80.7, 21.9, 18.7, 
57.6, 21.6, 35.1, 34.6, 82.2, 43.8, 59.7, 95.6)
leapBackward, Wed Feb 21 20:28:08 2018, 0.505, Recc sim 1, c(17.5, 1.2, 1.1, 37.7, 57.5, 67.7, 14, 66.6, 71.4, 9.1, 13.5, 9.2, 0, 19, 54.5, 16.1, 42.1, 21.8, 22.7, 64.3, 55, 54.7, 0, 15.9, 9.2, 14.1, 46.9, 21.7, 6.7, 46.8, 5.4, 34.9, 43.1, 7.4, 44.5, 98.4, 2.1, 91, 19.4, 79.7, 62.6, 0, 22, 99.2, 35, 0, 45.4, 52.1, 25.8, 75.5, 49.4, 24.9, 0, 63.3, 32.2, 27.5, 12.2, 44.8, 28.2, 24.1, 41.2, 36.2, 71.1, 52.5, 71.8, 57.5, 13.3, 18.6, 18.6, 0, 18.6, 77.5, 74.6, 59.2, 62.7, 77, 70.2, 20.4, 24.6, 44.1, 48.6, 40.6, 12.1, 31.2, 100, 42.6, 23.8, 64.4, 80.7, 21.9, 18.7, 
57.6, 21.6, 35.1, 34.6, 82.2, 43.8, 59.7, 95.6)
leapForward, Wed Feb 21 20:28:19 2018, 0.496, Recc sim 1, c(17.5, 1.2, 1.1, 37.7, 57.5, 67.7, 14, 66.6, 71.4, 9.1, 13.5, 9.2, 0, 19, 54.5, 16.1, 42.1, 21.8, 22.7, 64.3, 55, 54.7, 0, 15.9, 9.2, 14.1, 46.9, 21.7, 6.7, 46.8, 5.4, 34.9, 43.1, 7.4, 44.5, 98.4, 2.1, 91, 19.4, 79.7, 62.6, 0, 22, 99.2, 35, 0, 45.4, 52.1, 25.8, 75.5, 49.4, 24.9, 0, 63.3, 32.2, 27.5, 12.2, 44.8, 28.2, 24.1, 41.2, 36.2, 71.1, 52.5, 71.8, 57.5, 13.3, 18.6, 18.6, 0, 18.6, 77.5, 74.6, 59.2, 62.7, 77, 70.2, 20.4, 24.6, 44.1, 48.6, 40.6, 12.1, 31.2, 100, 42.6, 23.8, 64.4, 80.7, 21.9, 18.7, 
57.6, 21.6, 35.1, 34.6, 82.2, 43.8, 59.7, 95.6)
